USE geekbrain;

-- Заполняем таблицу пользователей
INSERT INTO `users` (`id`, `login`, `email`) VALUES (1, 'reillystoltenberg', 'ward.chauncey@example.com');
INSERT INTO `users` (`id`, `login`, `email`) VALUES (2, 'vandervort', 'jtowne@example.com');
INSERT INTO `users` (`id`, `login`, `email`) VALUES (3, 'hayespurdy', 'jordy10@example.org');
INSERT INTO `users` (`id`, `login`, `email`) VALUES (4, 'okon', 'annamarie.bahringer@example.com');
INSERT INTO `users` (`id`, `login`, `email`) VALUES (5, 'braundare', 'mekhi.gerlach@example.net');
INSERT INTO `users` (`id`, `login`, `email`) VALUES (6, 'collins', 'xschumm@example.com');
INSERT INTO `users` (`id`, `login`, `email`) VALUES (7, 'nikolausgusikowski', 'hoeger.amari@example.org');
INSERT INTO `users` (`id`, `login`, `email`) VALUES (8, 'beahan', 'kuhic.khalil@example.com');
INSERT INTO `users` (`id`, `login`, `email`) VALUES (9, 'upton', 'ogleichner@example.net');
INSERT INTO `users` (`id`, `login`, `email`) VALUES (10, 'schroeder', 'clair51@example.net');
INSERT INTO `users` (`id`, `login`, `email`) VALUES (11, 'hodkiewicz', 'myriam.zieme@example.com');
INSERT INTO `users` (`id`, `login`, `email`) VALUES (12, 'murphy', 'therzog@example.org');
INSERT INTO `users` (`id`, `login`, `email`) VALUES (13, 'carroll', 'idaniel@example.org');
INSERT INTO `users` (`id`, `login`, `email`) VALUES (14, 'schoen', 'gussie36@example.net');
INSERT INTO `users` (`id`, `login`, `email`) VALUES (15, 'abbott', 'o\'hara.everardo@example.com');
INSERT INTO `users` (`id`, `login`, `email`) VALUES (16, 'rutherford', 'charlotte.grady@example.com');
INSERT INTO `users` (`id`, `login`, `email`) VALUES (17, 'bednarmitchell', 'garry.turcotte@example.net');
INSERT INTO `users` (`id`, `login`, `email`) VALUES (18, 'gulgowskizboncak', 'vernice.bode@example.com');
INSERT INTO `users` (`id`, `login`, `email`) VALUES (19, 'heaney', 'kemmer.rosalee@example.org');
INSERT INTO `users` (`id`, `login`, `email`) VALUES (20, 'spencer', 'xlabadie@example.net');
INSERT INTO `users` (`id`, `login`, `email`) VALUES (21, 'denesik', 'hartmann.jabari@example.org');
INSERT INTO `users` (`id`, `login`, `email`) VALUES (22, 'bruen', 'grady.mekhi@example.org');
INSERT INTO `users` (`id`, `login`, `email`) VALUES (23, 'hyatt', 'walter32@example.com');
INSERT INTO `users` (`id`, `login`, `email`) VALUES (24, 'crona', 'elisa.beahan@example.org');
INSERT INTO `users` (`id`, `login`, `email`) VALUES (25, 'keelingwilliamson', 'fwilliamson@example.com');
INSERT INTO `users` (`id`, `login`, `email`) VALUES (26, 'kirlin', 'corine.schultz@example.org');
INSERT INTO `users` (`id`, `login`, `email`) VALUES (27, 'windler', 'lloyd.rutherford@example.com');
INSERT INTO `users` (`id`, `login`, `email`) VALUES (28, 'wisozk', 'dulce84@example.org');
INSERT INTO `users` (`id`, `login`, `email`) VALUES (29, 'bergnaumtoy', 'natalie10@example.org');
INSERT INTO `users` (`id`, `login`, `email`) VALUES (30, 'ziemecollins', 'brian56@example.org');
INSERT INTO `users` (`id`, `login`, `email`) VALUES (31, 'kerlukegrady', 'alex.daniel@example.org');
INSERT INTO `users` (`id`, `login`, `email`) VALUES (32, 'smith', 'gulgowski.nathanial@example.com');
INSERT INTO `users` (`id`, `login`, `email`) VALUES (33, 'little', 'schuppe.tara@example.com');
INSERT INTO `users` (`id`, `login`, `email`) VALUES (34, 'fadel', 'vincent.larkin@example.org');
INSERT INTO `users` (`id`, `login`, `email`) VALUES (35, 'nikolausspencer', 'hbahringer@example.org');
INSERT INTO `users` (`id`, `login`, `email`) VALUES (36, 'boyle', 'areilly@example.com');
INSERT INTO `users` (`id`, `login`, `email`) VALUES (37, 'jenkinscormier', 'fdietrich@example.org');
INSERT INTO `users` (`id`, `login`, `email`) VALUES (38, 'boehmkerluke', 'xavier.crona@example.org');
INSERT INTO `users` (`id`, `login`, `email`) VALUES (39, 'schuppe', 'cathy56@example.org');
INSERT INTO `users` (`id`, `login`, `email`) VALUES (40, 'johnston', 'tdoyle@example.net');
INSERT INTO `users` (`id`, `login`, `email`) VALUES (41, 'gerlach', 'yfahey@example.com');
INSERT INTO `users` (`id`, `login`, `email`) VALUES (42, 'bahringer', 'karlee.watsica@example.com');
INSERT INTO `users` (`id`, `login`, `email`) VALUES (43, 'collier', 'micah65@example.net');
INSERT INTO `users` (`id`, `login`, `email`) VALUES (44, 'yost', 'xhahn@example.com');
INSERT INTO `users` (`id`, `login`, `email`) VALUES (45, 'littlehomenick', 'leila.leffler@example.com');
INSERT INTO `users` (`id`, `login`, `email`) VALUES (46, 'mayer', 'hwiza@example.com');
INSERT INTO `users` (`id`, `login`, `email`) VALUES (47, 'grantstoltenberg', 'leon.wuckert@example.org');
INSERT INTO `users` (`id`, `login`, `email`) VALUES (48, 'paucekbernhard', 'nova48@example.net');
INSERT INTO `users` (`id`, `login`, `email`) VALUES (49, 'hayes', 'alexane92@example.net');
INSERT INTO `users` (`id`, `login`, `email`) VALUES (50, 'considinewyman', 'apadberg@example.com');
INSERT INTO `users` (`id`, `login`, `email`) VALUES (51, 'bashirianpowlowski', 'annie.schimmel@example.org');
INSERT INTO `users` (`id`, `login`, `email`) VALUES (52, 'will', 'hoppe.jacky@example.com');
INSERT INTO `users` (`id`, `login`, `email`) VALUES (53, 'barrows', 'wilkinson.boris@example.com');
INSERT INTO `users` (`id`, `login`, `email`) VALUES (54, 'wardvandervort', 'hmayert@example.com');
INSERT INTO `users` (`id`, `login`, `email`) VALUES (55, 'zemlak', 'lily.abbott@example.com');
INSERT INTO `users` (`id`, `login`, `email`) VALUES (56, 'dicki', 'weber.bridget@example.org');
INSERT INTO `users` (`id`, `login`, `email`) VALUES (57, 'ryan', 'lulu.mayert@example.net');
INSERT INTO `users` (`id`, `login`, `email`) VALUES (58, 'hodkiewiczda', 'parker.gilbert@example.com');
INSERT INTO `users` (`id`, `login`, `email`) VALUES (59, 'hilll', 'waylon.runolfsdottir@example.org');
INSERT INTO `users` (`id`, `login`, `email`) VALUES (60, 'mitchell', 'natalie.kessler@example.org');
INSERT INTO `users` (`id`, `login`, `email`) VALUES (61, 'cole', 'uruecker@example.com');
INSERT INTO `users` (`id`, `login`, `email`) VALUES (62, 'emmerich', 'herta46@example.net');
INSERT INTO `users` (`id`, `login`, `email`) VALUES (63, 'stracke', 'jkessler@example.com');
INSERT INTO `users` (`id`, `login`, `email`) VALUES (64, 'dickensemmerich', 'philip.bruen@example.org');
INSERT INTO `users` (`id`, `login`, `email`) VALUES (65, 'weissnat', 'cletus24@example.net');
INSERT INTO `users` (`id`, `login`, `email`) VALUES (66, 'boyleasd', 'iruecker@example.org');
INSERT INTO `users` (`id`, `login`, `email`) VALUES (67, 'gutmann', 'durgan.maria@example.org');
INSERT INTO `users` (`id`, `login`, `email`) VALUES (68, 'predovic', 'juana86@example.org');
INSERT INTO `users` (`id`, `login`, `email`) VALUES (69, 'stroman', 'enoch07@example.com');
INSERT INTO `users` (`id`, `login`, `email`) VALUES (70, 'gaylordcole', 'erna10@example.org');
INSERT INTO `users` (`id`, `login`, `email`) VALUES (71, 'lueilwitztremblay', 'vince.tillman@example.com');
INSERT INTO `users` (`id`, `login`, `email`) VALUES (72, 'hagenes', 'dickinson.ottilie@example.net');
INSERT INTO `users` (`id`, `login`, `email`) VALUES (73, 'von', 'celine37@example.com');
INSERT INTO `users` (`id`, `login`, `email`) VALUES (74, 'kreiger', 'chanelle08@example.net');
INSERT INTO `users` (`id`, `login`, `email`) VALUES (75, 'lehner', 'mertz.carmine@example.net');
INSERT INTO `users` (`id`, `login`, `email`) VALUES (76, 'williamson', 'jaquelin.mcdermott@example.com');
INSERT INTO `users` (`id`, `login`, `email`) VALUES (77, 'durgan', 'wkuphal@example.org');
INSERT INTO `users` (`id`, `login`, `email`) VALUES (78, 'connswift', 'marion.gibson@example.net');
INSERT INTO `users` (`id`, `login`, `email`) VALUES (79, 'durganskiles', 'gleichner.eliza@example.com');
INSERT INTO `users` (`id`, `login`, `email`) VALUES (80, 'darestroman', 'daugherty.candido@example.org');
INSERT INTO `users` (`id`, `login`, `email`) VALUES (81, 'nicolas', 'ubernier@example.net');
INSERT INTO `users` (`id`, `login`, `email`) VALUES (82, 'waelchischinner', 'brakus.maegan@example.com');
INSERT INTO `users` (`id`, `login`, `email`) VALUES (83, 'goldner', 'sandrine.goodwin@example.net');
INSERT INTO `users` (`id`, `login`, `email`) VALUES (84, 'grady', 'coleman.auer@example.net');
INSERT INTO `users` (`id`, `login`, `email`) VALUES (85, 'blanda', 'dickinson.rashawn@example.net');
INSERT INTO `users` (`id`, `login`, `email`) VALUES (86, 'fadeljacobson', 'vvolkman@example.org');
INSERT INTO `users` (`id`, `login`, `email`) VALUES (87, 'hyattkuhic', 'eric.block@example.com');
INSERT INTO `users` (`id`, `login`, `email`) VALUES (88, 'strosin', 'katelyn84@example.net');
INSERT INTO `users` (`id`, `login`, `email`) VALUES (89, 'fay', 'prince.hintz@example.net');
INSERT INTO `users` (`id`, `login`, `email`) VALUES (90, 'huels', 'king.mozelle@example.net');
INSERT INTO `users` (`id`, `login`, `email`) VALUES (91, 'klockoparisian', 'tromp.emanuel@example.com');
INSERT INTO `users` (`id`, `login`, `email`) VALUES (92, 'bergnaum', 'jerome86@example.net');
INSERT INTO `users` (`id`, `login`, `email`) VALUES (93, 'kovacekroberts', 'ntorphy@example.org');
INSERT INTO `users` (`id`, `login`, `email`) VALUES (94, 'vonruedennicolas', 'gmarks@example.com');
INSERT INTO `users` (`id`, `login`, `email`) VALUES (95, 'wisoadszk', 'norberto.williamson@example.com');
INSERT INTO `users` (`id`, `login`, `email`) VALUES (96, 'rolfson', 'merdman@example.org');
INSERT INTO `users` (`id`, `login`, `email`) VALUES (97, 'kovacek', 'pwindler@example.net');
INSERT INTO `users` (`id`, `login`, `email`) VALUES (98, 'mcclurefeest', 'kristopher04@example.org');
INSERT INTO `users` (`id`, `login`, `email`) VALUES (99, 'bogisichdurgan', 'effertz.jose@example.org');
INSERT INTO `users` (`id`, `login`, `email`) VALUES (100, 'bailey', 'ethel26@example.org');

-- Заполняем таблицу профили
INSERT INTO `profiles` (`user_id`, `name`, `surname`, `phone`, `city`, `birthday`) VALUES (1, 'Andrew', 'Waters', '(995)438-4594', 'East Ellen', '1992-10-27');
INSERT INTO `profiles` (`user_id`, `name`, `surname`, `phone`, `city`, `birthday`) VALUES (2, 'Teagan', 'Bergstrom', '752-659-9397', 'Aliviafurt', '1986-09-13');
INSERT INTO `profiles` (`user_id`, `name`, `surname`, `phone`, `city`, `birthday`) VALUES (3, 'Reed', 'Streich', '1-599-116-4007', 'Duncantown', '1995-04-24');
INSERT INTO `profiles` (`user_id`, `name`, `surname`, `phone`, `city`, `birthday`) VALUES (4, 'Marilou', 'Blick', '434-681-2111x329', 'Medhurstport', '1994-03-31');
INSERT INTO `profiles` (`user_id`, `name`, `surname`, `phone`, `city`, `birthday`) VALUES (5, 'Amanda', 'Stroman', '1-469-520-5474x4741', 'Port Rosanna', '2011-11-24');
INSERT INTO `profiles` (`user_id`, `name`, `surname`, `phone`, `city`, `birthday`) VALUES (6, 'Eloisa', 'Keeling', '1-007-869-9625', 'West Howard', '2012-02-14');
INSERT INTO `profiles` (`user_id`, `name`, `surname`, `phone`, `city`, `birthday`) VALUES (7, 'Joseph', 'Crona', '443-486-4611', 'Waelchiport', '1981-02-18');
INSERT INTO `profiles` (`user_id`, `name`, `surname`, `phone`, `city`, `birthday`) VALUES (8, 'Lucienne', 'Beer', '(315)564-4708', 'South Kieranville', '1999-05-26');
INSERT INTO `profiles` (`user_id`, `name`, `surname`, `phone`, `city`, `birthday`) VALUES (9, 'Jazmin', 'Corkery', '023-404-8330x569', 'North Daleberg', '2010-05-08');
INSERT INTO `profiles` (`user_id`, `name`, `surname`, `phone`, `city`, `birthday`) VALUES (10, 'Jevon', 'Morar', '177-288-0364x9134', 'Skilesside', '1995-01-22');
INSERT INTO `profiles` (`user_id`, `name`, `surname`, `phone`, `city`, `birthday`) VALUES (11, 'Marlin', 'Ziemann', '01200982309', 'Port Dale', '2017-04-07');
INSERT INTO `profiles` (`user_id`, `name`, `surname`, `phone`, `city`, `birthday`) VALUES (12, 'Nella', 'Gibson', '(901)934-6171x8884', 'Mannburgh', '2017-10-02');
INSERT INTO `profiles` (`user_id`, `name`, `surname`, `phone`, `city`, `birthday`) VALUES (13, 'Hettie', 'Stark', '993-724-5889x31584', 'Maggioberg', '1992-05-16');
INSERT INTO `profiles` (`user_id`, `name`, `surname`, `phone`, `city`, `birthday`) VALUES (14, 'Kira', 'Nienow', '(405)342-4617', 'Port Mercedesside', '1970-09-04');
INSERT INTO `profiles` (`user_id`, `name`, `surname`, `phone`, `city`, `birthday`) VALUES (15, 'Edgar', 'Macejkovic', '(538)765-4346', 'East Carlee', '1972-04-14');
INSERT INTO `profiles` (`user_id`, `name`, `surname`, `phone`, `city`, `birthday`) VALUES (16, 'Earnest', 'Leffler', '728-967-3515x473', 'New Kevonside', '1989-04-21');
INSERT INTO `profiles` (`user_id`, `name`, `surname`, `phone`, `city`, `birthday`) VALUES (17, 'Natalie', 'Schmitt', '785.342.9117x89280', 'New Zoila', '1992-10-19');
INSERT INTO `profiles` (`user_id`, `name`, `surname`, `phone`, `city`, `birthday`) VALUES (18, 'Donald', 'Kerluke', '549.056.9519', 'Lake Lethachester', '1987-12-01');
INSERT INTO `profiles` (`user_id`, `name`, `surname`, `phone`, `city`, `birthday`) VALUES (19, 'Coty', 'Farrell', '06452963368', 'Nelliefort', '1976-09-14');
INSERT INTO `profiles` (`user_id`, `name`, `surname`, `phone`, `city`, `birthday`) VALUES (20, 'Columbus', 'Murphy', '888.910.3408', 'Gulgowskiton', '2005-06-26');
INSERT INTO `profiles` (`user_id`, `name`, `surname`, `phone`, `city`, `birthday`) VALUES (21, 'Thomas', 'Wiegand', '(536)960-2530', 'Port Abe', '2009-03-24');
INSERT INTO `profiles` (`user_id`, `name`, `surname`, `phone`, `city`, `birthday`) VALUES (22, 'Cathryn', 'Armstrong', '197-702-2724x2210', 'North Maryseport', '2002-04-01');
INSERT INTO `profiles` (`user_id`, `name`, `surname`, `phone`, `city`, `birthday`) VALUES (23, 'Forrest', 'Kris', '269-813-5960', 'West Fatimaburgh', '1997-05-19');
INSERT INTO `profiles` (`user_id`, `name`, `surname`, `phone`, `city`, `birthday`) VALUES (24, 'Sam', 'Heidenreich', '1-174-729-1476', 'Port Brennonburgh', '1983-12-03');
INSERT INTO `profiles` (`user_id`, `name`, `surname`, `phone`, `city`, `birthday`) VALUES (25, 'Zelma', 'Witting', '(902)385-9222x837', 'Jeramieberg', '2015-07-28');
INSERT INTO `profiles` (`user_id`, `name`, `surname`, `phone`, `city`, `birthday`) VALUES (26, 'Kenyatta', 'Beer', '(959)831-5187x0029', 'Schusterbury', '1980-02-15');
INSERT INTO `profiles` (`user_id`, `name`, `surname`, `phone`, `city`, `birthday`) VALUES (27, 'Johan', 'Windler', '274.135.0423x835', 'Johnsbury', '2007-02-21');
INSERT INTO `profiles` (`user_id`, `name`, `surname`, `phone`, `city`, `birthday`) VALUES (28, 'Adela', 'Johnston', '+08(3)4833217601', 'East Julien', '2014-02-25');
INSERT INTO `profiles` (`user_id`, `name`, `surname`, `phone`, `city`, `birthday`) VALUES (29, 'Nyah', 'Weber', '+06(4)9698399837', 'New Johnathan', '2009-10-06');
INSERT INTO `profiles` (`user_id`, `name`, `surname`, `phone`, `city`, `birthday`) VALUES (30, 'Vivienne', 'Koch', '(470)807-5907x0757', 'South Enochview', '1994-01-14');
INSERT INTO `profiles` (`user_id`, `name`, `surname`, `phone`, `city`, `birthday`) VALUES (31, 'Margret', 'Mosciski', '(038)159-8635', 'Crookston', '1971-08-18');
INSERT INTO `profiles` (`user_id`, `name`, `surname`, `phone`, `city`, `birthday`) VALUES (32, 'Marcia', 'Dicki', '191-238-1050', 'North Brentview', '1982-01-10');
INSERT INTO `profiles` (`user_id`, `name`, `surname`, `phone`, `city`, `birthday`) VALUES (33, 'Everardo', 'Nader', '586-081-4565x171', 'Roxaneborough', '2001-03-03');
INSERT INTO `profiles` (`user_id`, `name`, `surname`, `phone`, `city`, `birthday`) VALUES (34, 'Kennedy', 'Rogahn', '1-437-260-2381x8955', 'New Bernhard', '2000-01-25');
INSERT INTO `profiles` (`user_id`, `name`, `surname`, `phone`, `city`, `birthday`) VALUES (35, 'Alysa', 'Dicki', '277-102-7821', 'Shayneview', '1995-09-15');
INSERT INTO `profiles` (`user_id`, `name`, `surname`, `phone`, `city`, `birthday`) VALUES (36, 'Jacques', 'Johns', '(339)391-9773', 'Doriston', '1987-04-13');
INSERT INTO `profiles` (`user_id`, `name`, `surname`, `phone`, `city`, `birthday`) VALUES (37, 'Alexys', 'Bergnaum', '1-854-314-8674', 'North Baron', '1983-12-26');
INSERT INTO `profiles` (`user_id`, `name`, `surname`, `phone`, `city`, `birthday`) VALUES (38, 'Edward', 'Haag', '(961)817-7196x7380', 'New Hettie', '2005-06-12');
INSERT INTO `profiles` (`user_id`, `name`, `surname`, `phone`, `city`, `birthday`) VALUES (39, 'Rebecca', 'Herzog', '066.616.1916', 'Gottliebborough', '1984-04-26');
INSERT INTO `profiles` (`user_id`, `name`, `surname`, `phone`, `city`, `birthday`) VALUES (40, 'Soledad', 'Volkman', '(601)329-3509x6065', 'North Angeloburgh', '1982-10-09');
INSERT INTO `profiles` (`user_id`, `name`, `surname`, `phone`, `city`, `birthday`) VALUES (41, 'Bianka', 'Reynolds', '1-699-098-6668x99774', 'Port Mike', '1983-03-28');
INSERT INTO `profiles` (`user_id`, `name`, `surname`, `phone`, `city`, `birthday`) VALUES (42, 'Jaden', 'Hauck', '1-296-310-1349x07949', 'Streichland', '2003-04-07');
INSERT INTO `profiles` (`user_id`, `name`, `surname`, `phone`, `city`, `birthday`) VALUES (43, 'Conner', 'Bergnaum', '327.681.5787x40526', 'Lindland', '2016-04-28');
INSERT INTO `profiles` (`user_id`, `name`, `surname`, `phone`, `city`, `birthday`) VALUES (44, 'Jalon', 'O\'Kon', '1-185-836-0526', 'Hellerchester', '1994-11-29');
INSERT INTO `profiles` (`user_id`, `name`, `surname`, `phone`, `city`, `birthday`) VALUES (45, 'Naomie', 'Huel', '1-313-168-6404', 'East Janie', '2018-09-16');
INSERT INTO `profiles` (`user_id`, `name`, `surname`, `phone`, `city`, `birthday`) VALUES (46, 'Larry', 'Strosin', '+60(0)0827126376', 'New Isidroton', '1974-02-18');
INSERT INTO `profiles` (`user_id`, `name`, `surname`, `phone`, `city`, `birthday`) VALUES (47, 'Karolann', 'Spinka', '093.404.8849x10566', 'Stokeshaven', '2011-12-01');
INSERT INTO `profiles` (`user_id`, `name`, `surname`, `phone`, `city`, `birthday`) VALUES (48, 'Rigoberto', 'Lockman', '313-483-7037x30229', 'East Kara', '1985-11-23');
INSERT INTO `profiles` (`user_id`, `name`, `surname`, `phone`, `city`, `birthday`) VALUES (49, 'Alexandre', 'Lemke', '884-043-1402x790', 'Heathcotechester', '2017-01-27');
INSERT INTO `profiles` (`user_id`, `name`, `surname`, `phone`, `city`, `birthday`) VALUES (50, 'Gretchen', 'Schuppe', '02348084673', 'Port Easton', '2008-02-28');
INSERT INTO `profiles` (`user_id`, `name`, `surname`, `phone`, `city`, `birthday`) VALUES (51, 'Conner', 'Tremblay', '1-952-782-8348', 'South Ashley', '1987-10-13');
INSERT INTO `profiles` (`user_id`, `name`, `surname`, `phone`, `city`, `birthday`) VALUES (52, 'Nola', 'Auer', '042-537-4162', 'East Aylinfurt', '2006-10-14');
INSERT INTO `profiles` (`user_id`, `name`, `surname`, `phone`, `city`, `birthday`) VALUES (53, 'Bernadette', 'Steuber', '1-334-244-0545x675', 'Genevievefort', '1972-02-14');
INSERT INTO `profiles` (`user_id`, `name`, `surname`, `phone`, `city`, `birthday`) VALUES (54, 'Sadie', 'Wuckert', '165-742-6803x4305', 'East Darius', '1980-07-28');
INSERT INTO `profiles` (`user_id`, `name`, `surname`, `phone`, `city`, `birthday`) VALUES (55, 'Gilbert', 'Grant', '(237)752-8346', 'Lake Neva', '1970-08-26');
INSERT INTO `profiles` (`user_id`, `name`, `surname`, `phone`, `city`, `birthday`) VALUES (56, 'Elenor', 'Haley', '+68(4)1681567952', 'Elnachester', '1976-03-21');
INSERT INTO `profiles` (`user_id`, `name`, `surname`, `phone`, `city`, `birthday`) VALUES (57, 'Aglae', 'Wyman', '(763)275-4804', 'Lake Kaylin', '2008-08-27');
INSERT INTO `profiles` (`user_id`, `name`, `surname`, `phone`, `city`, `birthday`) VALUES (58, 'Courtney', 'Abbott', '508.444.3172', 'Deltaport', '1977-06-25');
INSERT INTO `profiles` (`user_id`, `name`, `surname`, `phone`, `city`, `birthday`) VALUES (59, 'Bert', 'Hauck', '051-630-6862', 'Port Petra', '1986-01-16');
INSERT INTO `profiles` (`user_id`, `name`, `surname`, `phone`, `city`, `birthday`) VALUES (60, 'Marielle', 'Willms', '(211)473-5019x1538', 'Hallemouth', '2005-05-10');
INSERT INTO `profiles` (`user_id`, `name`, `surname`, `phone`, `city`, `birthday`) VALUES (61, 'Shirley', 'Keebler', '443.902.4130', 'Port Penelopeland', '2010-04-07');
INSERT INTO `profiles` (`user_id`, `name`, `surname`, `phone`, `city`, `birthday`) VALUES (62, 'Dallin', 'Orn', '(507)809-7957x3066', 'Abshireshire', '2014-06-25');
INSERT INTO `profiles` (`user_id`, `name`, `surname`, `phone`, `city`, `birthday`) VALUES (63, 'Jana', 'Howell', '302-014-8497', 'West Abigailshire', '2012-10-05');
INSERT INTO `profiles` (`user_id`, `name`, `surname`, `phone`, `city`, `birthday`) VALUES (64, 'Maxie', 'Schaefer', '1-241-206-1388x16661', 'Ariport', '2015-04-08');
INSERT INTO `profiles` (`user_id`, `name`, `surname`, `phone`, `city`, `birthday`) VALUES (65, 'Henriette', 'Spinka', '(369)286-5091x18611', 'Victoriamouth', '1975-11-06');
INSERT INTO `profiles` (`user_id`, `name`, `surname`, `phone`, `city`, `birthday`) VALUES (66, 'Kenton', 'Reynolds', '1-229-211-0308', 'Port Shaniya', '1972-07-22');
INSERT INTO `profiles` (`user_id`, `name`, `surname`, `phone`, `city`, `birthday`) VALUES (67, 'Aleen', 'Kerluke', '09636934060', 'Mayertland', '2004-06-14');
INSERT INTO `profiles` (`user_id`, `name`, `surname`, `phone`, `city`, `birthday`) VALUES (68, 'Johnathon', 'Fadel', '918.393.2015x3957', 'South Turnerland', '2014-04-23');
INSERT INTO `profiles` (`user_id`, `name`, `surname`, `phone`, `city`, `birthday`) VALUES (69, 'Rashawn', 'Bruen', '999.183.6134', 'East Ibrahimtown', '2011-03-05');
INSERT INTO `profiles` (`user_id`, `name`, `surname`, `phone`, `city`, `birthday`) VALUES (70, 'Lorenzo', 'Littel', '1-916-469-3857x8961', 'Rudytown', '2017-12-06');
INSERT INTO `profiles` (`user_id`, `name`, `surname`, `phone`, `city`, `birthday`) VALUES (71, 'Clemmie', 'Fadel', '001.258.3020x91836', 'East Halle', '1970-02-01');
INSERT INTO `profiles` (`user_id`, `name`, `surname`, `phone`, `city`, `birthday`) VALUES (72, 'Reggie', 'Hodkiewicz', '(643)829-4386x92484', 'Sabrynamouth', '1984-01-10');
INSERT INTO `profiles` (`user_id`, `name`, `surname`, `phone`, `city`, `birthday`) VALUES (73, 'Palma', 'Kovacek', '(622)695-4391x6057', 'East Annaborough', '1999-07-10');
INSERT INTO `profiles` (`user_id`, `name`, `surname`, `phone`, `city`, `birthday`) VALUES (74, 'Eunice', 'Homenick', '546.199.0379x9929', 'New Annabelle', '1975-03-23');
INSERT INTO `profiles` (`user_id`, `name`, `surname`, `phone`, `city`, `birthday`) VALUES (75, 'Barry', 'Stroman', '334-666-3576x8529', 'East Jaida', '2003-12-03');
INSERT INTO `profiles` (`user_id`, `name`, `surname`, `phone`, `city`, `birthday`) VALUES (76, 'Jaquan', 'Kris', '02781157258', 'Amayabury', '2012-07-07');
INSERT INTO `profiles` (`user_id`, `name`, `surname`, `phone`, `city`, `birthday`) VALUES (77, 'Devon', 'Christiansen', '+08(4)4729493222', 'Gorczanystad', '1990-02-23');
INSERT INTO `profiles` (`user_id`, `name`, `surname`, `phone`, `city`, `birthday`) VALUES (78, 'Jacey', 'Collins', '03088466017', 'Nienowfort', '2000-05-31');
INSERT INTO `profiles` (`user_id`, `name`, `surname`, `phone`, `city`, `birthday`) VALUES (79, 'Kasey', 'Kuhn', '280-154-0756', 'Douglasberg', '2000-05-14');
INSERT INTO `profiles` (`user_id`, `name`, `surname`, `phone`, `city`, `birthday`) VALUES (80, 'Dashawn', 'Bartell', '563-368-4311x957', 'Emmyshire', '1983-12-21');
INSERT INTO `profiles` (`user_id`, `name`, `surname`, `phone`, `city`, `birthday`) VALUES (81, 'Olen', 'Sauer', '+60(8)5122940470', 'Lake Jaquelin', '1997-02-27');
INSERT INTO `profiles` (`user_id`, `name`, `surname`, `phone`, `city`, `birthday`) VALUES (82, 'Adelia', 'Zboncak', '036-721-9212x203', 'Lake Cleoside', '1975-03-08');
INSERT INTO `profiles` (`user_id`, `name`, `surname`, `phone`, `city`, `birthday`) VALUES (83, 'Brooks', 'Flatley', '1-720-628-9100', 'New Torrance', '2015-12-17');
INSERT INTO `profiles` (`user_id`, `name`, `surname`, `phone`, `city`, `birthday`) VALUES (84, 'Deion', 'Fritsch', '(941)367-4923', 'Baileemouth', '2017-01-18');
INSERT INTO `profiles` (`user_id`, `name`, `surname`, `phone`, `city`, `birthday`) VALUES (85, 'Alek', 'Lockman', '1-923-560-1221x5789', 'North Biankaside', '1991-05-04');
INSERT INTO `profiles` (`user_id`, `name`, `surname`, `phone`, `city`, `birthday`) VALUES (86, 'Bertha', 'Breitenberg', '1-473-207-3611x61721', 'Gusikowskiville', '1971-02-23');
INSERT INTO `profiles` (`user_id`, `name`, `surname`, `phone`, `city`, `birthday`) VALUES (87, 'Erwin', 'Labadie', '606.777.6057', 'New Mossie', '1989-12-31');
INSERT INTO `profiles` (`user_id`, `name`, `surname`, `phone`, `city`, `birthday`) VALUES (88, 'Otho', 'Osinski', '1-670-315-7048x8738', 'South Reynoldland', '2019-02-15');
INSERT INTO `profiles` (`user_id`, `name`, `surname`, `phone`, `city`, `birthday`) VALUES (89, 'Ashton', 'Stoltenberg', '324-210-5472x875', 'Adriannaside', '2014-04-14');
INSERT INTO `profiles` (`user_id`, `name`, `surname`, `phone`, `city`, `birthday`) VALUES (90, 'Jeffrey', 'Erdman', '429-447-7007x280', 'Krystaltown', '2018-11-26');
INSERT INTO `profiles` (`user_id`, `name`, `surname`, `phone`, `city`, `birthday`) VALUES (91, 'Trystan', 'Denesik', '1-355-038-8373', 'Port Miles', '2001-08-27');
INSERT INTO `profiles` (`user_id`, `name`, `surname`, `phone`, `city`, `birthday`) VALUES (92, 'Ozella', 'Beahan', '1-260-389-0539x8319', 'South Ismaelberg', '1989-12-15');
INSERT INTO `profiles` (`user_id`, `name`, `surname`, `phone`, `city`, `birthday`) VALUES (93, 'Kaela', 'Collier', '1-434-792-6825', 'Doylefurt', '1992-07-03');
INSERT INTO `profiles` (`user_id`, `name`, `surname`, `phone`, `city`, `birthday`) VALUES (94, 'Aletha', 'Orn', '1-312-430-8495x596', 'South Kamron', '2001-11-27');
INSERT INTO `profiles` (`user_id`, `name`, `surname`, `phone`, `city`, `birthday`) VALUES (95, 'Chaya', 'Schneider', '+11(4)2060432638', 'Brandonfurt', '2000-09-20');
INSERT INTO `profiles` (`user_id`, `name`, `surname`, `phone`, `city`, `birthday`) VALUES (96, 'Glen', 'Upton', '582-901-2338x659', 'East Trishastad', '2002-01-05');
INSERT INTO `profiles` (`user_id`, `name`, `surname`, `phone`, `city`, `birthday`) VALUES (97, 'Kris', 'Pacocha', '1-998-737-4039x36452', 'South Jenastad', '1983-10-03');
INSERT INTO `profiles` (`user_id`, `name`, `surname`, `phone`, `city`, `birthday`) VALUES (98, 'Eden', 'Wiegand', '130-047-5098', 'West Rooseveltside', '1978-04-17');
INSERT INTO `profiles` (`user_id`, `name`, `surname`, `phone`, `city`, `birthday`) VALUES (99, 'Libbie', 'Wisoky', '06935485980', 'Trevionstad', '1992-01-20');
INSERT INTO `profiles` (`user_id`, `name`, `surname`, `phone`, `city`, `birthday`) VALUES (100, 'Tristin', 'Bayer', '1-399-166-4436x0368', 'Abbottshire', '2017-02-09');

-- Заполняем таблицу видео
INSERT INTO `video` (`id`, `name`, `description`, `storage`) VALUES (1, 'corrupti', 'Ab dolores perferendis sapiente aperiam. Est in velit ut voluptatem odio.', 'image/x-xpixmap');
INSERT INTO `video` (`id`, `name`, `description`, `storage`) VALUES (2, 'ut', 'Consequuntur ex eveniet delectus qui quos qui. Corrupti fugiat itaque hic doloremque quam. Voluptatem illum dolores culpa et.', 'application/json');
INSERT INTO `video` (`id`, `name`, `description`, `storage`) VALUES (3, 'omnis', 'Libero maxime consequatur deleniti architecto nihil. Sed et rem et sed est. Repudiandae sed veniam voluptatibus sapiente et voluptate at.', 'application/vnd.sun.xml.calc.template');
INSERT INTO `video` (`id`, `name`, `description`, `storage`) VALUES (4, 'dignissimos', 'Molestiae laudantium voluptas nemo eum nihil provident qui sapiente. Labore modi sed sapiente et similique est qui. Earum error ut odio occaecati nihil sequi.', 'application/x-font-type1');
INSERT INTO `video` (`id`, `name`, `description`, `storage`) VALUES (5, 'sed', 'Cum cupiditate porro deserunt cumque repellendus. Vitae accusantium est officiis iste accusantium et tenetur. Qui eius deleniti officiis sint. Quasi optio minus quisquam possimus sit. Molestiae expedita similique officiis ut aut vel itaque deleniti.', 'application/x-director');
INSERT INTO `video` (`id`, `name`, `description`, `storage`) VALUES (6, 'ab', 'Aliquid maiores ratione et voluptatem deleniti. Cupiditate rerum quidem dolorem illo possimus dolor nam. Aut culpa fuga rerum sed.', 'image/x-tga');
INSERT INTO `video` (`id`, `name`, `description`, `storage`) VALUES (7, 'rerum', 'Aut et consequatur officiis accusantium minima fuga est voluptatibus. Et nihil et est. Quia expedita consequuntur earum non natus aperiam placeat provident. Aperiam aut minus tempore rerum.', 'image/x-cmu-raster');
INSERT INTO `video` (`id`, `name`, `description`, `storage`) VALUES (8, 'consequuntur', 'Consequuntur similique laborum et iusto eligendi atque eveniet. Odio repellendus ratione velit exercitationem similique. Quo quo aut maxime aut mollitia non et iure. Consequatur dolor natus et quo earum sapiente et accusantium.', 'application/vnd.sun.xml.calc');
INSERT INTO `video` (`id`, `name`, `description`, `storage`) VALUES (9, 'consequatur', 'Quo est et ut qui tenetur qui facere esse. Eaque deserunt repellendus architecto repellat perferendis assumenda aliquid.', 'audio/x-pn-realaudio');
INSERT INTO `video` (`id`, `name`, `description`, `storage`) VALUES (10, 'eaque', 'Ea deleniti dolores exercitationem minus omnis excepturi odit. Sed eaque tempora accusantium. Qui dolorem et nihil. Fugiat tempore saepe voluptatem ipsam.', 'image/x-portable-bitmap');
INSERT INTO `video` (`id`, `name`, `description`, `storage`) VALUES (11, 'est', 'Necessitatibus reiciendis vel aperiam sed fugiat voluptas. Nihil cupiditate rerum labore et veritatis. Repellat esse aperiam quod velit ut.', 'application/vnd.las.las+xml');
INSERT INTO `video` (`id`, `name`, `description`, `storage`) VALUES (12, 'repudiandae', 'Exercitationem id molestias maiores et dolores quod reiciendis. Quasi commodi ea enim eveniet libero impedit voluptatem. Velit vel molestiae ut ut. A et odio fugiat quod corporis quo.', 'application/vnd.mozilla.xul+xml');
INSERT INTO `video` (`id`, `name`, `description`, `storage`) VALUES (13, 'optio', 'Ut sed eos dolores totam omnis. Voluptatem autem quia earum iusto consequatur et odio quo. Consequatur fugiat illum voluptatem tempora.', 'application/vnd.svd');
INSERT INTO `video` (`id`, `name`, `description`, `storage`) VALUES (14, 'saepe', 'Maxime rerum quidem asperiores excepturi et veritatis. Assumenda itaque saepe facere corporis. Molestiae totam aspernatur voluptatum voluptatem asperiores.', 'application/java-vm');
INSERT INTO `video` (`id`, `name`, `description`, `storage`) VALUES (15, 'mollitia', 'Vitae non quidem consequatur officiis. Qui odit quasi cum reprehenderit est praesentium. Aut ut laboriosam quaerat dicta nisi. Ut enim quod iusto necessitatibus.', 'application/vnd.tao.intent-module-archive');
INSERT INTO `video` (`id`, `name`, `description`, `storage`) VALUES (16, 'et', 'Voluptatem placeat sed blanditiis nesciunt. Doloremque quia repellendus ut. Explicabo aperiam consequatur est. Non architecto perferendis dolor quos.', 'application/pls+xml');
INSERT INTO `video` (`id`, `name`, `description`, `storage`) VALUES (17, 'soluta', 'Necessitatibus aliquid quam consequuntur qui. Magni animi perspiciatis quis aspernatur quo. Officiis architecto eos esse in voluptate ut nisi. Necessitatibus quas corporis est aut.', 'audio/ogg');
INSERT INTO `video` (`id`, `name`, `description`, `storage`) VALUES (18, 'quidem', 'Nulla illo a ut ratione fuga et. Ut repellat consequatur voluptate quasi sapiente et eaque. Quas amet dicta eos est qui expedita dignissimos. Optio molestiae nesciunt ullam quia neque officia corrupti.', 'video/vnd.dece.mobile');
INSERT INTO `video` (`id`, `name`, `description`, `storage`) VALUES (19, 'perferendis', 'Vel quidem recusandae qui asperiores nostrum officia. Sed accusamus non pariatur voluptatem. Quis nostrum consequatur pariatur sunt culpa.', 'application/vnd.sun.xml.impress');
INSERT INTO `video` (`id`, `name`, `description`, `storage`) VALUES (20, 'eveniet', 'Debitis ipsam asperiores qui ipsam iure accusamus laboriosam blanditiis. Perspiciatis ut cupiditate magnam facilis.', 'application/vnd.ahead.space');
INSERT INTO `video` (`id`, `name`, `description`, `storage`) VALUES (21, 'tenetur', 'Doloribus maxime sequi facere qui sit cumque incidunt. Molestiae cupiditate saepe fugit aut. Voluptas possimus accusantium omnis. Odit dolorem error autem quia perspiciatis. A debitis dolorem velit neque porro ad eveniet.', 'text/troff');
INSERT INTO `video` (`id`, `name`, `description`, `storage`) VALUES (22, 'eligendi', 'Et vel explicabo quos aut enim laborum et. Cumque alias maiores odit. Nesciunt veniam enim cupiditate.', 'video/h263');
INSERT INTO `video` (`id`, `name`, `description`, `storage`) VALUES (23, 'libero', 'Nihil quo non rem quis quas. Architecto et totam ipsum iure enim voluptates ducimus molestiae. Rerum sed harum magni magnam quas. Ut quia dolore accusamus qui ut rem optio.', 'image/png');
INSERT INTO `video` (`id`, `name`, `description`, `storage`) VALUES (24, 'vel', 'Tempore non ratione quaerat ad esse. Omnis error sit libero deleniti impedit rerum et. Minus voluptatem ipsam officia et ipsum sint pariatur non. Quia numquam ea animi fugiat nam.', 'text/vnd.wap.wml');
INSERT INTO `video` (`id`, `name`, `description`, `storage`) VALUES (25, 'quia', 'Et iusto dicta error soluta. Sit iusto eum minima et magnam at. Aspernatur officiis reprehenderit dolores totam cumque quia nihil minima. Corporis officiis ex dolor reiciendis sequi est consequatur eligendi.', 'application/vnd.ms-word.template.macroenabled.12');
INSERT INTO `video` (`id`, `name`, `description`, `storage`) VALUES (26, 'praesentium', 'Aut id provident vitae repellendus voluptatem. At enim tenetur sunt eius et temporibus. Aut earum quia quo quibusdam. Et praesentium et quia in autem.', 'application/x-xz');
INSERT INTO `video` (`id`, `name`, `description`, `storage`) VALUES (27, 'perspiciatis', 'Omnis nihil est qui quas quia provident. Temporibus earum sed consequuntur laborum et possimus. Voluptas ratione nobis amet omnis sed. Ex rerum ratione illum quia magni.', 'application/vnd.enliven');
INSERT INTO `video` (`id`, `name`, `description`, `storage`) VALUES (28, 'alias', 'Adipisci esse eligendi libero quia. Nisi dolore et architecto sint iusto. Consectetur eum dicta pariatur at natus. Sequi veniam asperiores eos et temporibus laboriosam nisi.', 'application/vnd.musician');
INSERT INTO `video` (`id`, `name`, `description`, `storage`) VALUES (29, 'ea', 'Harum velit vitae distinctio exercitationem. Consequatur nobis velit deleniti sit sunt voluptatem aut. Omnis officia dicta quidem aut repellat expedita. Dolor sunt asperiores ut delectus eos sit voluptas.', 'application/vnd.dece.ttml+xml');
INSERT INTO `video` (`id`, `name`, `description`, `storage`) VALUES (30, 'placeat', 'Amet perferendis alias quis. Voluptatem atque itaque consequuntur a ut quis molestiae. Velit facilis officiis quia iure. Magnam incidunt molestiae voluptatem non.', 'image/sgi');
INSERT INTO `video` (`id`, `name`, `description`, `storage`) VALUES (31, 'magnam', 'Quasi in laborum fuga corporis inventore. Aut molestiae omnis sint distinctio quia aut odio. Earum ex necessitatibus non sint nobis soluta tenetur.', 'application/vnd.openxmlformats-officedocument.presentationml.template');
INSERT INTO `video` (`id`, `name`, `description`, `storage`) VALUES (32, 'molestias', 'Non non inventore ipsum laborum vel sint tenetur quia. Qui eligendi dolorem vitae. Omnis necessitatibus nihil iste voluptates. Quo et distinctio et consequatur.', 'application/vnd.lotus-freelance');
INSERT INTO `video` (`id`, `name`, `description`, `storage`) VALUES (33, 'similique', 'Assumenda est amet ex nihil. Quae laborum velit voluptatem ducimus repellat. Aut minus quia non pariatur.', 'model/x3d+xml');
INSERT INTO `video` (`id`, `name`, `description`, `storage`) VALUES (34, 'in', 'Accusamus blanditiis illo pariatur. Culpa nobis voluptatem omnis ea. Quia voluptates reiciendis minima illum. Ut voluptas rerum ea nobis et omnis. Cumque quo odio id et.', 'application/x-tgif');
INSERT INTO `video` (`id`, `name`, `description`, `storage`) VALUES (35, 'officia', 'Minus a aut delectus tenetur iure perferendis. Quam quia quasi id ipsa magnam non. Dolor id repudiandae sunt.', 'application/x-chess-pgn');
INSERT INTO `video` (`id`, `name`, `description`, `storage`) VALUES (36, 'nihil', 'Architecto maxime ea sint eos amet. Laudantium aspernatur qui nostrum et ut non. Et dolorem voluptatem ut occaecati. Harum vero a exercitationem possimus explicabo et aut.', 'application/x-lzh-compressed');
INSERT INTO `video` (`id`, `name`, `description`, `storage`) VALUES (37, 'facere', 'Error labore velit quam voluptates. Deleniti odit tempora neque sequi. Cupiditate sapiente officiis autem ipsa atque.', 'text/x-nfo');
INSERT INTO `video` (`id`, `name`, `description`, `storage`) VALUES (38, 'asperiores', 'Voluptatem et ab sit laboriosam dolorem dolorem. Minima itaque nam labore ducimus a occaecati sint. Corrupti numquam omnis quisquam impedit assumenda quia. Laborum eaque eaque tempora est ut.', 'application/x-sql');
INSERT INTO `video` (`id`, `name`, `description`, `storage`) VALUES (39, 'sit', 'Laudantium numquam suscipit maiores repudiandae sit accusantium. Laborum sequi voluptas exercitationem voluptatem inventore dolorem. Asperiores sequi doloremque porro eaque est est. Porro molestiae dignissimos aperiam ea inventore doloribus est velit.', 'text/vnd.fmi.flexstor');
INSERT INTO `video` (`id`, `name`, `description`, `storage`) VALUES (40, 'id', 'Doloribus ut earum quisquam quia. Id doloremque harum nihil voluptatibus. Veritatis aut modi qui excepturi dolorum. Nulla quia quam veritatis sit nisi et.', 'application/ecmascript');
INSERT INTO `video` (`id`, `name`, `description`, `storage`) VALUES (41, 'sapiente', 'Recusandae consequatur aut iure enim in deleniti quis. Delectus recusandae ex qui suscipit libero vel autem. Officiis delectus laborum sunt est suscipit laborum maxime. Quia ut sit alias sit.', 'application/x-debian-package');
INSERT INTO `video` (`id`, `name`, `description`, `storage`) VALUES (42, 'debitis', 'Sit incidunt distinctio modi eveniet officia dicta id inventore. Suscipit iure mollitia in architecto rem rerum. Dolorum reprehenderit ab unde voluptatem.', 'application/vnd.ecowin.chart');
INSERT INTO `video` (`id`, `name`, `description`, `storage`) VALUES (43, 'enim', 'Quo ipsa vel omnis dolorem officia. Veritatis autem molestiae est optio totam consectetur praesentium. Perspiciatis non voluptas ea. Est officiis consequuntur eos facere qui quia ut qui.', 'image/vnd.dwg');
INSERT INTO `video` (`id`, `name`, `description`, `storage`) VALUES (44, 'qui', 'Et et aut voluptates cum qui quas. Amet tenetur quo accusamus nostrum quo. Nobis vel cum non omnis eligendi fuga. Reiciendis fuga ratione quidem.', 'application/x-conference');
INSERT INTO `video` (`id`, `name`, `description`, `storage`) VALUES (45, 'velit', 'Occaecati fuga voluptates consequatur distinctio quaerat ut est. Error omnis vero natus omnis ut exercitationem est. Voluptas neque sunt est minus explicabo placeat tempore et. Adipisci est sit excepturi suscipit cumque amet.', 'application/xspf+xml');
INSERT INTO `video` (`id`, `name`, `description`, `storage`) VALUES (46, 'temporibus', 'Cum magnam quis voluptatem libero unde provident qui. Quae molestias voluptatem reprehenderit sit nobis. Asperiores quis inventore sapiente. Velit voluptates adipisci id veniam. Et minima ut labore dolor repudiandae.', 'application/vnd.openxmlformats-officedocument.presentationml.presentation');
INSERT INTO `video` (`id`, `name`, `description`, `storage`) VALUES (47, 'recusandae', 'Ad accusantium voluptates laudantium ut dolorum impedit delectus. Quidem consequuntur et natus temporibus pariatur. Adipisci impedit at praesentium architecto cupiditate dicta aut.', 'application/javascript');
INSERT INTO `video` (`id`, `name`, `description`, `storage`) VALUES (48, 'ullam', 'Qui rem id deserunt nemo tenetur omnis ea. Voluptatum eligendi sunt atque rerum consequatur. Ratione quos ea itaque nulla ducimus dolor odit.', 'application/vnd.wqd');
INSERT INTO `video` (`id`, `name`, `description`, `storage`) VALUES (49, 'adipisci', 'Iusto et in voluptates aut. Perferendis dolor voluptatem autem temporibus et et. Delectus architecto aut quas eaque.', 'application/zip');
INSERT INTO `video` (`id`, `name`, `description`, `storage`) VALUES (50, 'accusamus', 'Saepe non est aut in. Architecto soluta hic in nesciunt vero consequatur. Blanditiis dolor eum deleniti molestias.', 'application/mathml+xml');
INSERT INTO `video` (`id`, `name`, `description`, `storage`) VALUES (51, 'voluptatem', 'Soluta sint dignissimos quasi magnam. Ut cum rem eum fuga et et ut reprehenderit. Dolorem iusto tempora beatae incidunt exercitationem non perferendis.', 'application/vnd.route66.link66+xml');
INSERT INTO `video` (`id`, `name`, `description`, `storage`) VALUES (52, 'voluptas', 'Explicabo dolore alias error inventore expedita numquam. Possimus maiores quia recusandae odio totam id.', 'text/x-sfv');
INSERT INTO `video` (`id`, `name`, `description`, `storage`) VALUES (53, 'autem', 'Non dolore ad modi consequatur. Saepe dolores qui nesciunt consequatur. Non nesciunt temporibus corporis est harum consequuntur.', 'application/vnd.kinar');
INSERT INTO `video` (`id`, `name`, `description`, `storage`) VALUES (54, 'nobis', 'Quis eveniet placeat at est a aut et. Omnis deleniti et sit.', 'image/x-xbitmap');
INSERT INTO `video` (`id`, `name`, `description`, `storage`) VALUES (55, 'suscipit', 'Voluptatibus nihil dolor blanditiis accusamus et consequuntur. Quo explicabo qui incidunt sapiente dolor. Voluptas ab et voluptatibus ratione. Nisi sed consequatur iste ea perferendis quasi sunt.', 'application/pkix-pkipath');
INSERT INTO `video` (`id`, `name`, `description`, `storage`) VALUES (56, 'nemo', 'Ea vel at molestias perferendis nam. Sit nostrum maxime quidem fuga. Ipsum maxime quibusdam voluptatum veniam.', 'application/vnd.wap.wmlc');
INSERT INTO `video` (`id`, `name`, `description`, `storage`) VALUES (57, 'minus', 'Perferendis id harum perspiciatis aperiam tempore quisquam enim. Magni fuga maiores et dolores debitis fugit cum. Possimus molestias tempora qui labore.', 'application/xenc+xml');
INSERT INTO `video` (`id`, `name`, `description`, `storage`) VALUES (58, 'voluptate', 'Ea cumque aut enim voluptatem vel nihil alias officiis. Voluptatem et cupiditate recusandae corporis. Velit neque nulla non iusto sint.', 'audio/x-aac');
INSERT INTO `video` (`id`, `name`, `description`, `storage`) VALUES (59, 'quam', 'Modi velit rerum amet sapiente. Illum est consequuntur vel et ad itaque. Reiciendis cumque voluptatum deleniti optio voluptas tempora.', 'application/x-tar');
INSERT INTO `video` (`id`, `name`, `description`, `storage`) VALUES (60, 'commodi', 'Esse nobis consectetur similique dicta ea laudantium quae cumque. Assumenda sint sed recusandae quisquam modi id dolores architecto. Tempore temporibus fugiat et nostrum. Corporis aut laboriosam est et libero explicabo.', 'video/ogg');
INSERT INTO `video` (`id`, `name`, `description`, `storage`) VALUES (61, 'possimus', 'Consequatur nisi explicabo porro. Aut dolorum earum aut sit qui ut et. Vel eum nihil voluptatem accusamus.', 'application/vnd.mseq');
INSERT INTO `video` (`id`, `name`, `description`, `storage`) VALUES (62, 'laborum', 'Est quae sed voluptatem maiores consequuntur veritatis adipisci. Rerum tempore libero ducimus molestias et.', 'application/x-install-instructions');
INSERT INTO `video` (`id`, `name`, `description`, `storage`) VALUES (63, 'vitae', 'Voluptatem odit vitae cumque est voluptatibus. Provident dolor dolorum suscipit corporis voluptatem. Nostrum ut sed at esse. Quod autem voluptatibus qui quia rem quaerat odio totam.', 'text/x-opml');
INSERT INTO `video` (`id`, `name`, `description`, `storage`) VALUES (64, 'laudantium', 'Et sapiente molestias delectus aspernatur nobis aperiam. Ut voluptas in ratione. Et inventore doloribus aspernatur vero ducimus dicta. Ut aliquam ipsam rerum.', 'text/uri-list');
INSERT INTO `video` (`id`, `name`, `description`, `storage`) VALUES (65, 'aliquid', 'Quia fugit vitae odit eaque animi voluptatem voluptatem. Est est saepe sed quidem inventore. Vero explicabo veniam maiores rerum quo iste. Harum voluptatibus non ducimus nostrum atque sit quos.', 'text/vnd.curl');
INSERT INTO `video` (`id`, `name`, `description`, `storage`) VALUES (66, 'dolorem', 'Amet voluptas et voluptatem totam ut. Nisi impedit magnam aliquid qui similique voluptatem quisquam. Eaque vitae nostrum maiores. Commodi recusandae vero rerum.', 'image/x-mrsid-image');
INSERT INTO `video` (`id`, `name`, `description`, `storage`) VALUES (67, 'sunt', 'Sunt ipsum et repudiandae. Necessitatibus ea quia occaecati quos. Dolores sed voluptatem delectus perferendis. Sequi consequatur laudantium placeat aliquam facere eum.', 'application/vnd.immervision-ivp');
INSERT INTO `video` (`id`, `name`, `description`, `storage`) VALUES (68, 'quis', 'Delectus illo deserunt voluptatem tenetur ut. Hic iusto doloremque nobis eum consequatur corrupti similique. Aut quo enim enim deserunt distinctio est vero eum.', 'audio/x-flac');
INSERT INTO `video` (`id`, `name`, `description`, `storage`) VALUES (69, 'eos', 'Non harum reprehenderit aliquid tenetur neque ullam. Reprehenderit reprehenderit quibusdam nihil doloribus molestiae assumenda debitis. Exercitationem omnis neque qui expedita.', 'text/calendar');
INSERT INTO `video` (`id`, `name`, `description`, `storage`) VALUES (70, 'minima', 'In quos qui deserunt. Possimus incidunt et est recusandae id quae. Ipsum aut aut sint sint quis mollitia nemo. Ipsum facilis suscipit consequatur autem consectetur.', 'application/vnd.adobe.air-application-installer-package+zip');
INSERT INTO `video` (`id`, `name`, `description`, `storage`) VALUES (71, 'tempore', 'Vel totam sint ab dolorum possimus nostrum soluta. Et quod in voluptate et inventore. Et reiciendis vel officia dolorem quaerat a tempora.', 'application/rdf+xml');
INSERT INTO `video` (`id`, `name`, `description`, `storage`) VALUES (72, 'delectus', 'Animi id cupiditate perferendis itaque illum perferendis non sunt. Deserunt debitis non dolor aliquam animi perspiciatis.', 'image/vnd.fpx');
INSERT INTO `video` (`id`, `name`, `description`, `storage`) VALUES (73, 'inventore', 'Sed asperiores itaque qui quam. Laudantium ab dolore fuga culpa voluptates non soluta. Voluptate qui dolores temporibus vel.', 'text/x-pascal');
INSERT INTO `video` (`id`, `name`, `description`, `storage`) VALUES (74, 'illum', 'Necessitatibus autem est asperiores eos. Et vitae quasi rerum repellendus ut. Quibusdam voluptas alias recusandae ad molestiae et ut.', 'video/jpeg');
INSERT INTO `video` (`id`, `name`, `description`, `storage`) VALUES (75, 'officiis', 'Aut qui inventore fugit cupiditate necessitatibus doloremque debitis. Quidem voluptas ullam qui omnis eos rerum itaque. Distinctio iste odio sit nesciunt iure. Vel qui sed commodi tempora quibusdam ex recusandae. Et maiores labore sit voluptas id dolorem ', 'application/vnd.ms-powerpoint.template.macroenabled.12');
INSERT INTO `video` (`id`, `name`, `description`, `storage`) VALUES (76, 'ipsa', 'Voluptatem magnam ducimus quia cupiditate. Molestiae laboriosam et voluptas. Vel quia non reiciendis voluptates. Excepturi cum ut aut sunt beatae.', 'application/x-silverlight-app');
INSERT INTO `video` (`id`, `name`, `description`, `storage`) VALUES (77, 'facilis', 'Voluptas aut aliquid quos deleniti deleniti sed. Similique fuga atque ut. Ut architecto qui et voluptatem unde voluptatibus blanditiis eum. Necessitatibus ut excepturi facere veniam ducimus numquam.', 'application/x-subrip');
INSERT INTO `video` (`id`, `name`, `description`, `storage`) VALUES (78, 'totam', 'Quo laudantium temporibus ad eos quia et ut cum. Tempore voluptates eum ut. Quo nulla et itaque tenetur accusamus. Vel numquam incidunt voluptas quaerat id non qui. Et eveniet aut voluptatum eveniet commodi.', 'application/vnd.ms-excel');
INSERT INTO `video` (`id`, `name`, `description`, `storage`) VALUES (79, 'ad', 'Delectus fugiat quidem ea. Est cumque ad expedita voluptatem. Quia consectetur cum quia. Et ducimus animi distinctio expedita.', 'application/x-iso9660-image');
INSERT INTO `video` (`id`, `name`, `description`, `storage`) VALUES (80, 'distinctio', 'Voluptas voluptas corrupti illo distinctio. Fugiat nulla placeat dolores voluptates id enim. Rerum velit at numquam quia molestiae occaecati voluptatem veritatis. Esse occaecati impedit ipsa sit aspernatur exercitationem voluptatem. Nihil ad iste quia.', 'text/x-asm');
INSERT INTO `video` (`id`, `name`, `description`, `storage`) VALUES (81, 'deserunt', 'Sit sequi sapiente aperiam. Quae non qui animi et eveniet numquam pariatur. Impedit et delectus unde distinctio tempora voluptatum.', 'audio/adpcm');
INSERT INTO `video` (`id`, `name`, `description`, `storage`) VALUES (82, 'maxime', 'Ratione dolor quia quis est. Culpa voluptates dolore laborum possimus. Molestiae sunt laudantium facilis consequatur omnis voluptatem. Rerum amet vel facilis omnis est.', 'text/vnd.in3d.spot');
INSERT INTO `video` (`id`, `name`, `description`, `storage`) VALUES (83, 'cumque', 'Aut sunt amet sed vitae qui qui in. A laborum ut dicta aut ut. Tempore tenetur aliquam sapiente enim est. Ea praesentium rerum quae tenetur. Veniam quae quas saepe ea iusto nobis cumque.', 'text/vnd.dvb.subtitle');
INSERT INTO `video` (`id`, `name`, `description`, `storage`) VALUES (84, 'quasi', 'Placeat numquam quaerat et amet tempora libero sit. Maiores aut aut deserunt consequatur iusto aut voluptatem odit. Enim voluptatum quasi ut numquam optio. Sunt praesentium nobis ea et debitis.', 'application/x-mobipocket-ebook');
INSERT INTO `video` (`id`, `name`, `description`, `storage`) VALUES (85, 'doloribus', 'Deserunt ipsa alias omnis omnis. Fugit quis laborum quo sunt quos ut. Rerum perferendis porro rerum beatae doloremque. Eveniet at similique harum ratione sequi.', 'application/vnd.ms-ims');
INSERT INTO `video` (`id`, `name`, `description`, `storage`) VALUES (86, 'at', 'Explicabo delectus eveniet et laboriosam odio aspernatur veniam saepe. Asperiores dolor doloribus vel perspiciatis aut amet. Dolores libero dignissimos nobis numquam ab omnis.', 'application/vnd.visio');
INSERT INTO `video` (`id`, `name`, `description`, `storage`) VALUES (87, 'labore', 'Harum mollitia neque magni porro rerum aliquam. Ut magni inventore hic velit doloribus. Optio sit quidem repellendus necessitatibus recusandae aliquam quia. Numquam magnam ad voluptates iste nihil ut rerum.', 'application/vnd.dart');
INSERT INTO `video` (`id`, `name`, `description`, `storage`) VALUES (88, 'magni', 'Non quaerat animi modi veniam in. Ipsa vel rerum nihil illum qui officiis fugiat. Modi rerum dolore et aut ab est expedita. Illo maiores corporis rerum est voluptates maxime beatae hic. Modi est qui pariatur illum dolores quisquam quia fugit.', 'application/vnd.openxmlformats-officedocument.spreadsheetml.sheet');
INSERT INTO `video` (`id`, `name`, `description`, `storage`) VALUES (89, 'quisquam', 'Modi accusantium aut consequatur maiores non. Alias nostrum eos voluptas ipsam. Sunt labore id molestias optio. Accusamus ipsa commodi est aliquid. Voluptates reprehenderit fuga et natus et.', 'application/vnd.fluxtime.clip');
INSERT INTO `video` (`id`, `name`, `description`, `storage`) VALUES (90, 'aspernatur', 'Aliquam possimus est soluta in. Mollitia expedita a molestiae cumque corrupti dolorem aut magni. Dolore quas vel et ut aliquid fugit. Iure repellendus ducimus blanditiis qui ab exercitationem. Sunt quo rerum et cum.', 'application/vnd.ms-wpl');
INSERT INTO `video` (`id`, `name`, `description`, `storage`) VALUES (91, 'impedit', 'A qui ex voluptate magnam sed qui. Eum incidunt earum ullam ex. Corrupti officiis laudantium odio et at velit consequatur. Et ipsa excepturi fugit rerum esse qui.', 'text/vnd.graphviz');
INSERT INTO `video` (`id`, `name`, `description`, `storage`) VALUES (92, 'iusto', 'Ducimus expedita maiores sunt porro temporibus commodi praesentium. Corrupti qui repellendus fugit explicabo voluptatum sint. Non quia distinctio sint occaecati molestiae et. Quo ea qui non.', 'video/x-ms-wmx');
INSERT INTO `video` (`id`, `name`, `description`, `storage`) VALUES (93, 'occaecati', 'Illum quod non asperiores porro voluptatem. Sint eveniet nesciunt ut non sint. Recusandae qui recusandae reprehenderit odio sit aut. Temporibus et velit animi tenetur.', 'application/vnd.dvb.ait');
INSERT INTO `video` (`id`, `name`, `description`, `storage`) VALUES (94, 'eius', 'Rem tenetur recusandae repellat cum et totam. Animi molestiae fugiat voluptates aut magnam et hic. Saepe non vel expedita delectus cupiditate voluptatem placeat maiores. Nesciunt illum et officia nesciunt dolorem et temporibus.', 'application/vnd.dvb.service');
INSERT INTO `video` (`id`, `name`, `description`, `storage`) VALUES (95, 'natus', 'Sed omnis quos hic. Voluptatibus autem tempora qui quam repellendus nesciunt fugit. Pariatur assumenda expedita optio corporis sit nihil.', 'application/x-msdownload');
INSERT INTO `video` (`id`, `name`, `description`, `storage`) VALUES (96, 'ratione', 'Non qui facere laborum iure quia. Unde facilis velit et eius voluptates dolorum illum. Et placeat hic illum amet beatae.', 'application/vnd.smaf');
INSERT INTO `video` (`id`, `name`, `description`, `storage`) VALUES (97, 'unde', 'Laboriosam qui ea ut inventore sunt aspernatur. Sit explicabo aut nesciunt perferendis.', 'application/vnd.ms-cab-compressed');
INSERT INTO `video` (`id`, `name`, `description`, `storage`) VALUES (98, 'accusantium', 'Quos rerum placeat dolor delectus sint voluptatem. Perferendis numquam eveniet enim et doloremque sunt ut. Et exercitationem repellat quaerat est eius nulla. Optio earum commodi voluptatem molestiae eaque cum officia. Eum aut magnam sed quia et accusamus.', 'image/vnd.fujixerox.edmics-rlc');
INSERT INTO `video` (`id`, `name`, `description`, `storage`) VALUES (99, 'quas', 'Quaerat non sit nesciunt. Iste sint ab ea fugiat dolorem praesentium minus. Blanditiis illo et id consequatur sint quas.', 'text/x-uuencode');
INSERT INTO `video` (`id`, `name`, `description`, `storage`) VALUES (100, 'earum', 'Non consectetur id dolorum laborum. Iste vel molestias perferendis veritatis. Sit tempora aperiam necessitatibus nisi libero et. Impedit et sit officia maxime sed quo autem reiciendis.', 'application/vnd.seemail');

-- Заполняем таблицу комментариев
INSERT INTO `comments` (`id`, `commentary_text`, `user_id`) VALUES (1, 'Debitis labore odio repellat eius. Voluptas ex fugiat sequi consequatur. Ut et non dolores sit. Repellendus fuga saepe tempora optio.', 4);
INSERT INTO `comments` (`id`, `commentary_text`, `user_id`) VALUES (2, 'Maiores aut aut veniam qui quae. Ipsam quia minus eveniet perferendis ut molestias inventore. Quae modi eaque temporibus aut.', 19);
INSERT INTO `comments` (`id`, `commentary_text`, `user_id`) VALUES (3, 'Nesciunt dolor aut animi vero tempore quisquam repellendus. Dolore voluptate accusamus eaque quo. Nesciunt iusto repellat fugit dolor facere quia tempore.', 29);
INSERT INTO `comments` (`id`, `commentary_text`, `user_id`) VALUES (4, 'Sapiente deserunt repudiandae deserunt quia impedit. Sequi non tempora quia qui blanditiis totam.', 61);
INSERT INTO `comments` (`id`, `commentary_text`, `user_id`) VALUES (5, 'Quam ut saepe non. Mollitia repellendus voluptas quia.', 14);
INSERT INTO `comments` (`id`, `commentary_text`, `user_id`) VALUES (6, 'Id dolor sint doloremque reiciendis eaque explicabo. Expedita est sequi aliquam et in tempore enim. Iusto quaerat et veritatis ipsa. Exercitationem omnis libero quisquam aliquid laboriosam quia inventore.', 70);
INSERT INTO `comments` (`id`, `commentary_text`, `user_id`) VALUES (7, 'Et ipsa harum itaque. Hic ab blanditiis voluptatem aut. Veniam itaque iure iure tempora aliquid nihil. Ipsum perspiciatis quaerat excepturi adipisci ab.', 26);
INSERT INTO `comments` (`id`, `commentary_text`, `user_id`) VALUES (8, 'Quam ut inventore maxime doloremque qui atque. Modi repudiandae rerum eveniet. Non in quas itaque tempore hic dolores omnis rerum. Amet exercitationem qui libero sunt eum dolorem.', 7);
INSERT INTO `comments` (`id`, `commentary_text`, `user_id`) VALUES (9, 'Dolorum cupiditate quisquam magni soluta dolor est quis. Minus enim ea officiis omnis quam accusamus. Non recusandae esse molestiae quibusdam totam sed consequatur maiores. Sint ea laudantium quis qui.', 58);
INSERT INTO `comments` (`id`, `commentary_text`, `user_id`) VALUES (10, 'Ut reiciendis alias inventore quam molestiae velit et. Porro dolores debitis aperiam error voluptates consectetur dolorum.', 11);
INSERT INTO `comments` (`id`, `commentary_text`, `user_id`) VALUES (11, 'Alias fugit rerum voluptas ut repellat. Id et dolor repellendus aut id. Qui placeat nobis perspiciatis voluptatem rerum culpa. Omnis rerum reprehenderit necessitatibus consequatur doloremque.', 34);
INSERT INTO `comments` (`id`, `commentary_text`, `user_id`) VALUES (12, 'Molestiae dignissimos quo nisi quia a in. Ex minus maiores quibusdam et. Minus repellat et minus accusantium quod nobis aperiam.', 9);
INSERT INTO `comments` (`id`, `commentary_text`, `user_id`) VALUES (13, 'Sit temporibus quas quidem et aperiam quibusdam expedita tenetur. Iusto animi recusandae laudantium eos laborum. Voluptatem sit harum quaerat sit. Velit velit est ipsa dolorem iusto labore.', 76);
INSERT INTO `comments` (`id`, `commentary_text`, `user_id`) VALUES (14, 'Qui voluptatem velit delectus cupiditate aut perspiciatis tempora. Aliquam nobis non eveniet modi eos. Rerum impedit sint et ut amet.', 30);
INSERT INTO `comments` (`id`, `commentary_text`, `user_id`) VALUES (15, 'Dolor sapiente dolores quod exercitationem. Deserunt consequatur molestiae unde rem necessitatibus illum non. Mollitia excepturi nulla quos necessitatibus amet nemo.', 88);
INSERT INTO `comments` (`id`, `commentary_text`, `user_id`) VALUES (16, 'Consectetur dolorem nisi architecto et et. Rerum placeat aspernatur deserunt velit quia amet consequatur est. Ea soluta inventore repellat dolorem porro voluptatem illo. Temporibus aut cum omnis.', 42);
INSERT INTO `comments` (`id`, `commentary_text`, `user_id`) VALUES (17, 'Rerum consequatur unde veniam dolorum esse. Consequatur aut fugit nemo officia qui minus deserunt ullam. Voluptatum sit molestiae quia.', 100);
INSERT INTO `comments` (`id`, `commentary_text`, `user_id`) VALUES (18, 'Ut vel quae distinctio aspernatur. Hic vel maxime culpa reiciendis temporibus est dolor. Qui dolor qui rerum unde voluptate dolor maxime.', 1);
INSERT INTO `comments` (`id`, `commentary_text`, `user_id`) VALUES (19, 'Deleniti dolores ut doloremque ipsam repellat sed. Non perspiciatis soluta error harum. Cupiditate consequatur voluptatum amet ducimus nesciunt repudiandae aut. Totam quisquam omnis sed.', 62);
INSERT INTO `comments` (`id`, `commentary_text`, `user_id`) VALUES (20, 'Officia accusantium quibusdam et commodi voluptas consequuntur culpa voluptas. Pariatur velit quis minus labore pariatur. Ratione suscipit reprehenderit laboriosam reprehenderit possimus. Sequi non consequatur adipisci repellendus aut tempore.', 79);
INSERT INTO `comments` (`id`, `commentary_text`, `user_id`) VALUES (21, 'Consequatur neque iusto quidem repellat vel optio facilis. Quasi totam est nam vel aperiam doloribus id. Officiis et temporibus occaecati dolor sed.', 87);
INSERT INTO `comments` (`id`, `commentary_text`, `user_id`) VALUES (22, 'Distinctio tempore ab et sed. Et voluptatem eius soluta itaque consequatur.', 16);
INSERT INTO `comments` (`id`, `commentary_text`, `user_id`) VALUES (23, 'Sed necessitatibus dolores cum temporibus minima aut. Qui ut blanditiis ea eum enim. Nisi et dolore sit alias libero ut unde. Tempora ea voluptas maxime voluptatibus et.', 56);
INSERT INTO `comments` (`id`, `commentary_text`, `user_id`) VALUES (24, 'Maxime et nulla qui velit autem ut sint sequi. Et soluta ex consequatur facere possimus consequatur. Dolorum et ducimus distinctio minus. Et dicta dignissimos deserunt et.', 5);
INSERT INTO `comments` (`id`, `commentary_text`, `user_id`) VALUES (25, 'Qui voluptas expedita aperiam. Et ipsam deserunt dolores non aut quia. Voluptatem velit sint enim.', 44);
INSERT INTO `comments` (`id`, `commentary_text`, `user_id`) VALUES (26, 'Excepturi eligendi dolorem commodi sit provident ab laboriosam aut. Sequi corporis sint harum quo aperiam velit tempora.', 6);
INSERT INTO `comments` (`id`, `commentary_text`, `user_id`) VALUES (27, 'Ut molestias aut dicta voluptas labore quo. Deserunt non necessitatibus amet magni praesentium molestiae laboriosam. Quis soluta provident sit quam sunt iste. Sint eius et tempore dolorum molestias.', 70);
INSERT INTO `comments` (`id`, `commentary_text`, `user_id`) VALUES (28, 'Qui porro amet minus. Dolorum quo consectetur est maxime fugit. Et dolor sit perspiciatis consequatur vero corporis molestiae. Quidem quis fuga alias.', 79);
INSERT INTO `comments` (`id`, `commentary_text`, `user_id`) VALUES (29, 'Voluptas tempore quia inventore nihil voluptatibus ipsum repellendus. Quisquam non ab eaque repellat neque. Cupiditate amet quia error.', 45);
INSERT INTO `comments` (`id`, `commentary_text`, `user_id`) VALUES (30, 'Eos accusantium expedita non sed. Ea aliquid quam explicabo. Blanditiis cum ipsum voluptas ullam corporis eum eum. Corporis et aut quis.', 32);
INSERT INTO `comments` (`id`, `commentary_text`, `user_id`) VALUES (31, 'Itaque ipsam aut reprehenderit omnis. Veritatis laboriosam quae nobis natus.', 51);
INSERT INTO `comments` (`id`, `commentary_text`, `user_id`) VALUES (32, 'Fuga et tenetur officiis et ea. Iusto voluptas alias eaque nulla quibusdam. Ea ab voluptatem eius nam. Molestiae earum tenetur ad laborum aspernatur. Placeat inventore fugit mollitia velit.', 84);
INSERT INTO `comments` (`id`, `commentary_text`, `user_id`) VALUES (33, 'Fuga omnis impedit dolor nostrum sed. Ea nulla optio quia consectetur cumque blanditiis nihil. Eos suscipit placeat eligendi sit cupiditate nam. Nisi voluptatum saepe minus animi.', 71);
INSERT INTO `comments` (`id`, `commentary_text`, `user_id`) VALUES (34, 'Atque omnis provident voluptatibus non sint quaerat. Porro laboriosam porro illo sit consequatur possimus. Nihil iste totam aliquid corrupti unde voluptatem vel. Ut molestiae nihil corporis quia eius.', 8);
INSERT INTO `comments` (`id`, `commentary_text`, `user_id`) VALUES (35, 'Non non non ea consequatur repellendus. Quasi quibusdam assumenda eaque. Voluptate et velit rerum. Totam commodi et eum aut aut.', 42);
INSERT INTO `comments` (`id`, `commentary_text`, `user_id`) VALUES (36, 'Commodi quibusdam tempora sed sit adipisci consectetur aut. Nam dignissimos est omnis in nemo temporibus. Esse assumenda omnis doloribus eum. Repudiandae qui est aut repellendus unde autem.', 47);
INSERT INTO `comments` (`id`, `commentary_text`, `user_id`) VALUES (37, 'Quos rerum nisi earum sit sint soluta. Aut illo sit eius tempora officia nihil voluptatibus. Minus impedit minima iste molestiae qui laudantium. Minus optio est est cumque.', 69);
INSERT INTO `comments` (`id`, `commentary_text`, `user_id`) VALUES (38, 'Qui velit voluptates beatae velit consequatur aut quo sunt. Est aut nihil maxime expedita qui provident.', 96);
INSERT INTO `comments` (`id`, `commentary_text`, `user_id`) VALUES (39, 'Error accusamus non qui animi rerum voluptatum optio. Voluptas sunt iure quibusdam sequi quas ullam eius. Aliquam ut ipsam voluptas totam. Quis dicta sunt commodi molestiae.', 41);
INSERT INTO `comments` (`id`, `commentary_text`, `user_id`) VALUES (40, 'Enim autem temporibus corporis vero fugiat ea. Nisi illum quibusdam iusto. Et et soluta ut recusandae officiis laudantium eveniet. Quaerat nesciunt placeat doloribus et nemo rerum.', 91);
INSERT INTO `comments` (`id`, `commentary_text`, `user_id`) VALUES (41, 'Maxime tempora ipsam rerum magni et et ducimus ea. Nam aut accusantium sed illum. Reiciendis sed labore modi deleniti iusto non voluptatem. Illum provident ipsa quis dolores cumque quia voluptatem excepturi. Eos deleniti eligendi illum itaque reprehenderit et et.', 93);
INSERT INTO `comments` (`id`, `commentary_text`, `user_id`) VALUES (42, 'Qui maiores qui similique odit dolorem reprehenderit. Et maiores ea ab culpa adipisci. Aut est perferendis voluptatum eum.', 24);
INSERT INTO `comments` (`id`, `commentary_text`, `user_id`) VALUES (43, 'Magnam repellendus et eos et qui. Sequi quibusdam dolore hic aut est sunt aut. Et voluptatibus consequatur asperiores blanditiis.', 24);
INSERT INTO `comments` (`id`, `commentary_text`, `user_id`) VALUES (44, 'Voluptas et natus et reiciendis. Earum ab eligendi eaque quos neque qui quisquam nobis.', 1);
INSERT INTO `comments` (`id`, `commentary_text`, `user_id`) VALUES (45, 'Non tempore sit tempora quisquam voluptatem fuga excepturi et. Placeat ullam consequuntur omnis sint nisi deserunt odio. Aut sint omnis veritatis laboriosam a sapiente nihil. Qui qui impedit qui vero omnis quia aut beatae.', 41);
INSERT INTO `comments` (`id`, `commentary_text`, `user_id`) VALUES (46, 'Illo a praesentium asperiores necessitatibus. Ullam enim facilis accusamus ab omnis mollitia. Qui aliquid assumenda quisquam nostrum dolorem harum. Nisi tempore numquam provident quas amet.', 19);
INSERT INTO `comments` (`id`, `commentary_text`, `user_id`) VALUES (47, 'Velit quia assumenda ut sint. Totam non iusto aut. Est minima nisi corrupti sequi dolore ab animi.', 46);
INSERT INTO `comments` (`id`, `commentary_text`, `user_id`) VALUES (48, 'Quis quas dolorum et perferendis. Ipsam quia reiciendis et omnis. Quod voluptate libero ad ullam. Autem libero est et debitis. Incidunt nam qui eveniet magnam.', 76);
INSERT INTO `comments` (`id`, `commentary_text`, `user_id`) VALUES (49, 'Asperiores voluptatum ea sunt neque consequuntur autem. Error quis similique fugit perferendis error ut eum corrupti. Repellendus exercitationem odit explicabo vero magnam. Rerum pariatur voluptates laboriosam corrupti ipsum accusantium quas.', 44);
INSERT INTO `comments` (`id`, `commentary_text`, `user_id`) VALUES (50, 'Architecto est voluptatem iste ut minima. Pariatur dicta maiores voluptatem temporibus culpa eos quia ullam. Nisi laudantium eum sunt porro ex amet. Illo ipsa qui omnis porro hic officiis et.', 3);
INSERT INTO `comments` (`id`, `commentary_text`, `user_id`) VALUES (51, 'Eveniet dignissimos ab a sunt earum. Iusto numquam qui nulla fuga molestias a et. Sed debitis omnis et eius architecto ipsam.', 13);
INSERT INTO `comments` (`id`, `commentary_text`, `user_id`) VALUES (52, 'Soluta quam modi a sit nihil voluptatum. Id ipsum aut dolorem. Mollitia nesciunt aut aliquam aliquid aperiam quos. Possimus molestiae doloribus eaque temporibus.', 49);
INSERT INTO `comments` (`id`, `commentary_text`, `user_id`) VALUES (53, 'Consequatur accusamus similique ullam labore ut. Non et veniam voluptas sapiente. Rerum quia magnam ea.', 60);
INSERT INTO `comments` (`id`, `commentary_text`, `user_id`) VALUES (54, 'Est libero quia autem officia dolorem quaerat hic. Nam architecto placeat porro exercitationem nam molestiae dignissimos. Ipsum optio quo autem rerum fugit quod. Rerum earum minus ut sunt.', 100);
INSERT INTO `comments` (`id`, `commentary_text`, `user_id`) VALUES (55, 'Rerum ducimus et quas. Aut a est aperiam at quia earum doloribus. Necessitatibus qui numquam aspernatur et ipsam unde. Eos ad sit ut tenetur.', 64);
INSERT INTO `comments` (`id`, `commentary_text`, `user_id`) VALUES (56, 'Fugit vitae corrupti non enim laudantium. Veritatis consectetur rerum nemo deleniti aspernatur ratione enim. Enim esse ut enim aliquid itaque eum.', 65);
INSERT INTO `comments` (`id`, `commentary_text`, `user_id`) VALUES (57, 'Quis velit harum ut eaque sit fuga quos ex. Ad eos atque repellendus vel. Maxime quos dolorem est sunt debitis.', 99);
INSERT INTO `comments` (`id`, `commentary_text`, `user_id`) VALUES (58, 'Voluptas eius omnis excepturi autem magni error adipisci. Adipisci et voluptas deserunt placeat. Aliquam ab voluptas quisquam nostrum. Beatae qui et eos ducimus dolor.', 61);
INSERT INTO `comments` (`id`, `commentary_text`, `user_id`) VALUES (59, 'Dolor dolor cumque odit. Exercitationem rerum fugiat dicta totam omnis. Sed exercitationem repellat qui adipisci ut. Dolor accusamus dignissimos perspiciatis assumenda nihil odit.', 29);
INSERT INTO `comments` (`id`, `commentary_text`, `user_id`) VALUES (60, 'Aliquam at assumenda fugit velit veritatis incidunt. Porro est autem maiores reiciendis. Suscipit aperiam sint maxime dolor dolore excepturi quo. Fugiat ea esse et porro amet.', 26);
INSERT INTO `comments` (`id`, `commentary_text`, `user_id`) VALUES (61, 'Et et dolorum et commodi. Cupiditate sunt alias mollitia molestiae aut molestiae. Sint non iste aut. Blanditiis distinctio porro magni harum error ut.', 100);
INSERT INTO `comments` (`id`, `commentary_text`, `user_id`) VALUES (62, 'Placeat dolores id voluptatem ut. Qui rerum quia asperiores nihil. Voluptas ut dolore similique qui quia deserunt. Aliquid perspiciatis porro est similique laborum sit. Consequuntur quia ut qui vitae.', 66);
INSERT INTO `comments` (`id`, `commentary_text`, `user_id`) VALUES (63, 'Ratione a alias assumenda est sint aut molestiae. Praesentium laboriosam recusandae explicabo ratione quaerat repellat debitis. Hic omnis facere deserunt maxime numquam laudantium. Commodi maxime ipsum nulla aliquam tenetur reprehenderit magnam eius.', 3);
INSERT INTO `comments` (`id`, `commentary_text`, `user_id`) VALUES (64, 'Voluptas nemo odit rerum velit quasi qui. Qui quia libero ullam id occaecati qui. Dignissimos voluptate consectetur minima perspiciatis temporibus et aperiam. Harum ut suscipit ut aut vel. Ab sunt sit distinctio.', 86);
INSERT INTO `comments` (`id`, `commentary_text`, `user_id`) VALUES (65, 'Quisquam nobis sunt ipsam. Dolorum non qui dolorem nobis voluptatum perferendis doloribus. Exercitationem omnis voluptates dolorem quod vitae quisquam dolorum. Velit ducimus et eaque veritatis quo et atque.', 89);
INSERT INTO `comments` (`id`, `commentary_text`, `user_id`) VALUES (66, 'Ut similique vero sed id doloremque ut maxime. Sit officia ipsam et in fugit. Deleniti qui aut et neque. Assumenda est sed est. Culpa dolore beatae illum qui minima.', 23);
INSERT INTO `comments` (`id`, `commentary_text`, `user_id`) VALUES (67, 'Et dolor libero enim aliquam. Debitis accusantium aut vitae quia quaerat. Aliquid autem facere non est debitis aut et.', 99);
INSERT INTO `comments` (`id`, `commentary_text`, `user_id`) VALUES (68, 'Expedita facere nobis perferendis facilis eligendi et. Accusamus quo consectetur placeat itaque labore eos. Et totam doloremque delectus nobis voluptas alias.', 65);
INSERT INTO `comments` (`id`, `commentary_text`, `user_id`) VALUES (69, 'Asperiores cum libero tempora fugit sunt. Quas dolore praesentium nesciunt omnis maxime mollitia officiis.', 62);
INSERT INTO `comments` (`id`, `commentary_text`, `user_id`) VALUES (70, 'Voluptatem quod ex magnam asperiores. Non adipisci perspiciatis et aut placeat vero veniam. In pariatur neque ut quibusdam possimus blanditiis. Et rerum dolores sit eum consequatur.', 69);
INSERT INTO `comments` (`id`, `commentary_text`, `user_id`) VALUES (71, 'Similique pariatur animi quaerat quaerat ea rerum neque. Recusandae molestiae hic quo occaecati qui ipsum. Ut quos corrupti delectus id. Ut vitae optio voluptatem et.', 94);
INSERT INTO `comments` (`id`, `commentary_text`, `user_id`) VALUES (72, 'Placeat ut aut molestiae recusandae. Sit natus fugit ut qui. Quia sunt est ut vero quis.', 60);
INSERT INTO `comments` (`id`, `commentary_text`, `user_id`) VALUES (73, 'Autem nobis eveniet quisquam. Commodi veniam maiores eveniet voluptatem aut ea alias. Accusamus et reprehenderit aut libero tempora ab totam. Nesciunt veritatis ea eius optio officia est reprehenderit. Quia eius sit minus consequuntur culpa nobis.', 5);
INSERT INTO `comments` (`id`, `commentary_text`, `user_id`) VALUES (74, 'Aspernatur at odio necessitatibus veniam maiores cumque quis. Possimus amet voluptate error unde. Temporibus asperiores voluptatibus vero sint.', 71);
INSERT INTO `comments` (`id`, `commentary_text`, `user_id`) VALUES (75, 'Quis repudiandae sequi aut dolores. Rerum cumque suscipit nam ut qui. Modi suscipit necessitatibus quidem accusamus iste. Necessitatibus eum qui dicta sint nihil.', 95);
INSERT INTO `comments` (`id`, `commentary_text`, `user_id`) VALUES (76, 'Quibusdam nulla laudantium vel fuga. Repellendus earum consequatur sint praesentium omnis et. Iusto rerum nisi corporis officia. Quasi asperiores nemo eius.', 95);
INSERT INTO `comments` (`id`, `commentary_text`, `user_id`) VALUES (77, 'Vel accusamus vel voluptatem temporibus non quae sed. Labore amet tempore asperiores perferendis modi tempora expedita.', 2);
INSERT INTO `comments` (`id`, `commentary_text`, `user_id`) VALUES (78, 'Eligendi suscipit sit id consequatur ea placeat repellendus. Rerum quae facilis similique voluptates. Perspiciatis vel beatae omnis non architecto a.', 54);
INSERT INTO `comments` (`id`, `commentary_text`, `user_id`) VALUES (79, 'Accusantium fuga tempore sit quo. Est incidunt possimus aut vel enim. Recusandae nihil voluptatem voluptates repudiandae ipsam est soluta. Quisquam eaque ut voluptatem.', 24);
INSERT INTO `comments` (`id`, `commentary_text`, `user_id`) VALUES (80, 'Enim expedita sint doloremque quos tempora voluptas reiciendis. Ut modi consectetur quam molestiae non labore. Unde itaque possimus enim alias sit temporibus. Non quia eius quos sint numquam et autem.', 30);
INSERT INTO `comments` (`id`, `commentary_text`, `user_id`) VALUES (81, 'Cum odio rerum saepe hic in. Voluptas ea voluptas nesciunt facere aut quod molestias. Beatae dolorem dolorum assumenda voluptas consequuntur sed. Praesentium aut natus cumque.', 32);
INSERT INTO `comments` (`id`, `commentary_text`, `user_id`) VALUES (82, 'Earum necessitatibus corrupti eligendi et a voluptate. Eaque nihil a et reprehenderit.', 89);
INSERT INTO `comments` (`id`, `commentary_text`, `user_id`) VALUES (83, 'Libero quia et laudantium aut ut. Exercitationem deserunt similique quas impedit ut. Itaque et vero error aut nulla dicta. Est dolor impedit veritatis soluta culpa error rerum.', 74);
INSERT INTO `comments` (`id`, `commentary_text`, `user_id`) VALUES (84, 'Officiis unde id sapiente unde distinctio aperiam perferendis. Qui vel sint accusantium pariatur consequatur. Molestiae eligendi quod velit odio ut repellendus.', 24);
INSERT INTO `comments` (`id`, `commentary_text`, `user_id`) VALUES (85, 'Quia nisi ipsam quo aut. Voluptatem necessitatibus quidem aliquid. Facere dicta aperiam minus pariatur quo velit itaque ex. Optio quisquam nesciunt sed nostrum non architecto.', 71);
INSERT INTO `comments` (`id`, `commentary_text`, `user_id`) VALUES (86, 'Soluta dolorem est voluptatem quidem est. Suscipit tenetur voluptatem quaerat illo consequatur illum. Autem voluptatem sint cumque placeat nostrum placeat.', 5);
INSERT INTO `comments` (`id`, `commentary_text`, `user_id`) VALUES (87, 'Veritatis temporibus iusto non et delectus quia. Voluptatibus a sapiente modi. Itaque est voluptas dolorem culpa ut eius tempora repellat.', 86);
INSERT INTO `comments` (`id`, `commentary_text`, `user_id`) VALUES (88, 'Vero omnis placeat omnis. Qui rerum quaerat iusto. Eos quia ipsum id.', 17);
INSERT INTO `comments` (`id`, `commentary_text`, `user_id`) VALUES (89, 'Tempora assumenda neque rem voluptas non. Aut animi voluptates omnis optio ex ipsam. Omnis omnis aut sequi in adipisci. Sequi voluptatum qui veniam vero qui et commodi.', 58);
INSERT INTO `comments` (`id`, `commentary_text`, `user_id`) VALUES (90, 'Ut quae sapiente sit ut quod magni fugit voluptates. Quo et est consectetur tempore est rerum. Quo autem dolor ipsam velit sed omnis.', 9);
INSERT INTO `comments` (`id`, `commentary_text`, `user_id`) VALUES (91, 'Qui et nam tempora cum recusandae. Ut veritatis in et architecto sequi necessitatibus. In quis ipsa quia aliquid nihil dolorem.', 79);
INSERT INTO `comments` (`id`, `commentary_text`, `user_id`) VALUES (92, 'A velit sunt nemo explicabo officia. Provident eligendi quia blanditiis voluptas est. Impedit fugiat aut aspernatur voluptas cum alias vero. Et sint error qui officia esse.', 70);
INSERT INTO `comments` (`id`, `commentary_text`, `user_id`) VALUES (93, 'Explicabo voluptatem autem culpa facilis. Repudiandae voluptatem qui occaecati. Id in eos sit excepturi dolores ex eum. Deserunt laudantium provident magnam.', 31);
INSERT INTO `comments` (`id`, `commentary_text`, `user_id`) VALUES (94, 'Quidem eveniet eligendi sapiente sint. Dignissimos commodi in eveniet dolorum eum voluptates praesentium. Ut ut aspernatur culpa voluptatem sapiente animi sit.', 56);
INSERT INTO `comments` (`id`, `commentary_text`, `user_id`) VALUES (95, 'Voluptatum aut optio hic quis facilis modi. Dolores consequatur quisquam praesentium blanditiis quia corporis qui vitae. Rerum illo sint quod sunt quis illo.', 5);
INSERT INTO `comments` (`id`, `commentary_text`, `user_id`) VALUES (96, 'Eius qui consequatur sed unde adipisci omnis. Qui a est maxime maiores ea a.', 57);
INSERT INTO `comments` (`id`, `commentary_text`, `user_id`) VALUES (97, 'Alias ducimus repellat omnis vel aliquid exercitationem. Nesciunt dolores facilis possimus et dolores veritatis ipsa. Impedit explicabo et magni cum similique excepturi fugit.', 38);
INSERT INTO `comments` (`id`, `commentary_text`, `user_id`) VALUES (98, 'Impedit tenetur error sit veritatis debitis quis facilis. Pariatur eligendi eos rerum exercitationem illum. Autem labore nam sunt fugit. Cumque voluptas ut modi voluptas exercitationem.', 58);
INSERT INTO `comments` (`id`, `commentary_text`, `user_id`) VALUES (99, 'Aliquid nesciunt voluptatem recusandae fuga eos explicabo. Alias occaecati esse sequi.', 82);
INSERT INTO `comments` (`id`, `commentary_text`, `user_id`) VALUES (100, 'Nihil expedita dolore tempora nesciunt velit aut ea dicta. Sed inventore ex velit consectetur nobis odit facere.', 85);

-- Заполняем таблицу лайков
INSERT INTO `likes` (`id`, `user_id`) VALUES (1, 60);
INSERT INTO `likes` (`id`, `user_id`) VALUES (2, 90);
INSERT INTO `likes` (`id`, `user_id`) VALUES (3, 33);
INSERT INTO `likes` (`id`, `user_id`) VALUES (4, 69);
INSERT INTO `likes` (`id`, `user_id`) VALUES (5, 93);
INSERT INTO `likes` (`id`, `user_id`) VALUES (6, 58);
INSERT INTO `likes` (`id`, `user_id`) VALUES (7, 62);
INSERT INTO `likes` (`id`, `user_id`) VALUES (8, 27);
INSERT INTO `likes` (`id`, `user_id`) VALUES (9, 7);
INSERT INTO `likes` (`id`, `user_id`) VALUES (10, 28);
INSERT INTO `likes` (`id`, `user_id`) VALUES (11, 34);
INSERT INTO `likes` (`id`, `user_id`) VALUES (12, 50);
INSERT INTO `likes` (`id`, `user_id`) VALUES (13, 30);
INSERT INTO `likes` (`id`, `user_id`) VALUES (14, 67);
INSERT INTO `likes` (`id`, `user_id`) VALUES (15, 30);
INSERT INTO `likes` (`id`, `user_id`) VALUES (16, 94);
INSERT INTO `likes` (`id`, `user_id`) VALUES (17, 32);
INSERT INTO `likes` (`id`, `user_id`) VALUES (18, 22);
INSERT INTO `likes` (`id`, `user_id`) VALUES (19, 37);
INSERT INTO `likes` (`id`, `user_id`) VALUES (20, 67);
INSERT INTO `likes` (`id`, `user_id`) VALUES (21, 99);
INSERT INTO `likes` (`id`, `user_id`) VALUES (22, 29);
INSERT INTO `likes` (`id`, `user_id`) VALUES (23, 64);
INSERT INTO `likes` (`id`, `user_id`) VALUES (24, 65);
INSERT INTO `likes` (`id`, `user_id`) VALUES (25, 48);
INSERT INTO `likes` (`id`, `user_id`) VALUES (26, 76);
INSERT INTO `likes` (`id`, `user_id`) VALUES (27, 41);
INSERT INTO `likes` (`id`, `user_id`) VALUES (28, 35);
INSERT INTO `likes` (`id`, `user_id`) VALUES (29, 80);
INSERT INTO `likes` (`id`, `user_id`) VALUES (30, 97);
INSERT INTO `likes` (`id`, `user_id`) VALUES (31, 57);
INSERT INTO `likes` (`id`, `user_id`) VALUES (32, 28);
INSERT INTO `likes` (`id`, `user_id`) VALUES (33, 3);
INSERT INTO `likes` (`id`, `user_id`) VALUES (34, 13);
INSERT INTO `likes` (`id`, `user_id`) VALUES (35, 79);
INSERT INTO `likes` (`id`, `user_id`) VALUES (36, 19);
INSERT INTO `likes` (`id`, `user_id`) VALUES (37, 47);
INSERT INTO `likes` (`id`, `user_id`) VALUES (38, 46);
INSERT INTO `likes` (`id`, `user_id`) VALUES (39, 44);
INSERT INTO `likes` (`id`, `user_id`) VALUES (40, 77);
INSERT INTO `likes` (`id`, `user_id`) VALUES (41, 5);
INSERT INTO `likes` (`id`, `user_id`) VALUES (42, 99);
INSERT INTO `likes` (`id`, `user_id`) VALUES (43, 100);
INSERT INTO `likes` (`id`, `user_id`) VALUES (44, 87);
INSERT INTO `likes` (`id`, `user_id`) VALUES (45, 77);
INSERT INTO `likes` (`id`, `user_id`) VALUES (46, 93);
INSERT INTO `likes` (`id`, `user_id`) VALUES (47, 86);
INSERT INTO `likes` (`id`, `user_id`) VALUES (48, 98);
INSERT INTO `likes` (`id`, `user_id`) VALUES (49, 67);
INSERT INTO `likes` (`id`, `user_id`) VALUES (50, 57);
INSERT INTO `likes` (`id`, `user_id`) VALUES (51, 73);
INSERT INTO `likes` (`id`, `user_id`) VALUES (52, 81);
INSERT INTO `likes` (`id`, `user_id`) VALUES (53, 95);
INSERT INTO `likes` (`id`, `user_id`) VALUES (54, 71);
INSERT INTO `likes` (`id`, `user_id`) VALUES (55, 33);
INSERT INTO `likes` (`id`, `user_id`) VALUES (56, 96);
INSERT INTO `likes` (`id`, `user_id`) VALUES (57, 73);
INSERT INTO `likes` (`id`, `user_id`) VALUES (58, 93);
INSERT INTO `likes` (`id`, `user_id`) VALUES (59, 13);
INSERT INTO `likes` (`id`, `user_id`) VALUES (60, 97);
INSERT INTO `likes` (`id`, `user_id`) VALUES (61, 34);
INSERT INTO `likes` (`id`, `user_id`) VALUES (62, 51);
INSERT INTO `likes` (`id`, `user_id`) VALUES (63, 12);
INSERT INTO `likes` (`id`, `user_id`) VALUES (64, 47);
INSERT INTO `likes` (`id`, `user_id`) VALUES (65, 18);
INSERT INTO `likes` (`id`, `user_id`) VALUES (66, 93);
INSERT INTO `likes` (`id`, `user_id`) VALUES (67, 44);
INSERT INTO `likes` (`id`, `user_id`) VALUES (68, 23);
INSERT INTO `likes` (`id`, `user_id`) VALUES (69, 13);
INSERT INTO `likes` (`id`, `user_id`) VALUES (70, 53);
INSERT INTO `likes` (`id`, `user_id`) VALUES (71, 59);
INSERT INTO `likes` (`id`, `user_id`) VALUES (72, 17);
INSERT INTO `likes` (`id`, `user_id`) VALUES (73, 93);
INSERT INTO `likes` (`id`, `user_id`) VALUES (74, 67);
INSERT INTO `likes` (`id`, `user_id`) VALUES (75, 9);
INSERT INTO `likes` (`id`, `user_id`) VALUES (76, 48);
INSERT INTO `likes` (`id`, `user_id`) VALUES (77, 41);
INSERT INTO `likes` (`id`, `user_id`) VALUES (78, 78);
INSERT INTO `likes` (`id`, `user_id`) VALUES (79, 91);
INSERT INTO `likes` (`id`, `user_id`) VALUES (80, 36);
INSERT INTO `likes` (`id`, `user_id`) VALUES (81, 21);
INSERT INTO `likes` (`id`, `user_id`) VALUES (82, 4);
INSERT INTO `likes` (`id`, `user_id`) VALUES (83, 87);
INSERT INTO `likes` (`id`, `user_id`) VALUES (84, 50);
INSERT INTO `likes` (`id`, `user_id`) VALUES (85, 2);
INSERT INTO `likes` (`id`, `user_id`) VALUES (86, 71);
INSERT INTO `likes` (`id`, `user_id`) VALUES (87, 85);
INSERT INTO `likes` (`id`, `user_id`) VALUES (88, 33);
INSERT INTO `likes` (`id`, `user_id`) VALUES (89, 51);
INSERT INTO `likes` (`id`, `user_id`) VALUES (90, 40);
INSERT INTO `likes` (`id`, `user_id`) VALUES (91, 56);
INSERT INTO `likes` (`id`, `user_id`) VALUES (92, 57);
INSERT INTO `likes` (`id`, `user_id`) VALUES (93, 46);
INSERT INTO `likes` (`id`, `user_id`) VALUES (94, 51);
INSERT INTO `likes` (`id`, `user_id`) VALUES (95, 21);
INSERT INTO `likes` (`id`, `user_id`) VALUES (96, 13);
INSERT INTO `likes` (`id`, `user_id`) VALUES (97, 87);
INSERT INTO `likes` (`id`, `user_id`) VALUES (98, 96);
INSERT INTO `likes` (`id`, `user_id`) VALUES (99, 57);
INSERT INTO `likes` (`id`, `user_id`) VALUES (100, 76);

-- Заполняем таблицу курсов обучения
INSERT INTO `course` (`id`, `name`, `description`) VALUES (1, 'earum', 'Consectetur cum similique sed debitis atque quia. Ullam recusandae animi id harum. Nostrum id aut in dicta ea voluptatem.');
INSERT INTO `course` (`id`, `name`, `description`) VALUES (2, 'suscipit', 'Sed et labore modi molestiae delectus animi. Nam omnis facilis tempora qui. Unde facere occaecati saepe repellat dicta. Neque exercitationem dolores officia distinctio suscipit velit corrupti.');
INSERT INTO `course` (`id`, `name`, `description`) VALUES (3, 'nisi', 'Sint in beatae ipsum enim. Sed voluptatibus assumenda nihil quisquam quod nobis quam.');
INSERT INTO `course` (`id`, `name`, `description`) VALUES (4, 'facere', 'Sed dolorum beatae assumenda quia temporibus quisquam cupiditate. Placeat quod occaecati est impedit.');
INSERT INTO `course` (`id`, `name`, `description`) VALUES (5, 'nihil', 'Consequatur alias dolor velit sed asperiores non. Amet incidunt saepe aut voluptatem ad. Optio quam provident et facilis illum illo doloribus. Quo aperiam et dolor in quidem velit. Esse aspernatur veniam nostrum rerum natus voluptatem beatae.');
INSERT INTO `course` (`id`, `name`, `description`) VALUES (6, 'saepe', 'Autem voluptate ex et cupiditate ipsa ut laborum. Laboriosam vero fugit at rem minus non sed.');
INSERT INTO `course` (`id`, `name`, `description`) VALUES (7, 'minus', 'Deserunt aut ad amet hic laudantium consequuntur. Et reprehenderit earum quisquam odit autem. Iure aut quaerat dolorem debitis. Officiis sunt est similique asperiores possimus.');
INSERT INTO `course` (`id`, `name`, `description`) VALUES (8, 'sed', 'Velit praesentium voluptatem laborum dolorum repellat eos non. Commodi consectetur architecto similique reiciendis incidunt ipsa voluptate. Ratione quo qui aut ipsum.');
INSERT INTO `course` (`id`, `name`, `description`) VALUES (9, 'quam', 'Ut aut neque incidunt. Commodi deserunt rerum necessitatibus vel perspiciatis voluptatem. Sed molestiae aut aut labore veniam.');
INSERT INTO `course` (`id`, `name`, `description`) VALUES (10, 'excepturi', 'Est voluptas officia ut nisi est. Qui ad nostrum nam non laborum minus. Dolor sit velit iusto quod at et tempore aliquam. Rerum impedit libero dolores quidem itaque amet voluptatem.');
INSERT INTO `course` (`id`, `name`, `description`) VALUES (11, 'omnis', 'Quos quia voluptatem numquam accusamus cum eveniet. Commodi itaque accusamus nisi amet. Consequuntur aspernatur labore molestiae accusamus ut. Fugiat et architecto hic quidem. Dolor cupiditate voluptates nobis ex.');
INSERT INTO `course` (`id`, `name`, `description`) VALUES (12, 'nemo', 'Odit possimus placeat nisi maxime ut necessitatibus saepe. Hic perferendis ut vel autem molestiae sit eos. Tempore nulla quisquam non iste. Ut ut eveniet voluptatum aut vero et.');
INSERT INTO `course` (`id`, `name`, `description`) VALUES (13, 'aperiam', 'Quia suscipit vero nesciunt aspernatur vel esse id. Impedit laboriosam eius ut eos pariatur aut. Beatae sit voluptatem officiis enim sit quia.');
INSERT INTO `course` (`id`, `name`, `description`) VALUES (14, 'aut', 'Aut sit impedit est quia. In est eum voluptatem possimus facere consequatur. Possimus ea incidunt voluptatibus aut aut quae quisquam rerum.');
INSERT INTO `course` (`id`, `name`, `description`) VALUES (15, 'vitae', 'Illum nam voluptate reprehenderit. Rerum sit et aut. Numquam perspiciatis soluta enim quis illum aut.');
INSERT INTO `course` (`id`, `name`, `description`) VALUES (16, 'magni', 'Dicta hic aliquid cum aut doloremque officiis est ipsum. Debitis impedit iusto est tenetur explicabo consequuntur. Tenetur libero et laboriosam sint omnis voluptatem accusamus qui.');
INSERT INTO `course` (`id`, `name`, `description`) VALUES (17, 'sit', 'Molestias dolor corrupti consequatur natus aperiam itaque quis. Similique quasi deserunt vel velit. Placeat sed tempora dolor dicta aut quasi fuga molestias.');
INSERT INTO `course` (`id`, `name`, `description`) VALUES (18, 'Базы данных', 'Quibusdam est possimus placeat aspernatur porro dolores nemo assumenda. Libero commodi voluptatem doloremque quasi suscipit. Voluptatem ducimus ut ratione ea voluptatibus. Ducimus et reiciendis porro dolores quas.');
INSERT INTO `course` (`id`, `name`, `description`) VALUES (19, 'repudiandae', 'Quos eaque error vitae animi. Deleniti enim molestiae laborum atque et.');
INSERT INTO `course` (`id`, `name`, `description`) VALUES (20, 'dolore', 'Molestiae at velit magnam et quidem id. Mollitia a tempore in consequatur quas ipsa. Et iste adipisci et. Architecto sit qui impedit et.');

-- Заполняем таблицу комментариев к видео
INSERT INTO `comments_video` (`comment_id`, `video_id`) VALUES (12, 39);
INSERT INTO `comments_video` (`comment_id`, `video_id`) VALUES (29, 33);
INSERT INTO `comments_video` (`comment_id`, `video_id`) VALUES (94, 19);
INSERT INTO `comments_video` (`comment_id`, `video_id`) VALUES (20, 72);
INSERT INTO `comments_video` (`comment_id`, `video_id`) VALUES (71, 45);
INSERT INTO `comments_video` (`comment_id`, `video_id`) VALUES (40, 71);
INSERT INTO `comments_video` (`comment_id`, `video_id`) VALUES (15, 87);
INSERT INTO `comments_video` (`comment_id`, `video_id`) VALUES (6, 100);
INSERT INTO `comments_video` (`comment_id`, `video_id`) VALUES (43, 41);
INSERT INTO `comments_video` (`comment_id`, `video_id`) VALUES (62, 34);
INSERT INTO `comments_video` (`comment_id`, `video_id`) VALUES (77, 66);
INSERT INTO `comments_video` (`comment_id`, `video_id`) VALUES (64, 26);
INSERT INTO `comments_video` (`comment_id`, `video_id`) VALUES (91, 81);
INSERT INTO `comments_video` (`comment_id`, `video_id`) VALUES (70, 41);
INSERT INTO `comments_video` (`comment_id`, `video_id`) VALUES (46, 17);
INSERT INTO `comments_video` (`comment_id`, `video_id`) VALUES (58, 66);
INSERT INTO `comments_video` (`comment_id`, `video_id`) VALUES (23, 45);
INSERT INTO `comments_video` (`comment_id`, `video_id`) VALUES (45, 1);
INSERT INTO `comments_video` (`comment_id`, `video_id`) VALUES (96, 49);
INSERT INTO `comments_video` (`comment_id`, `video_id`) VALUES (50, 28);
INSERT INTO `comments_video` (`comment_id`, `video_id`) VALUES (61, 56);
INSERT INTO `comments_video` (`comment_id`, `video_id`) VALUES (19, 10);
INSERT INTO `comments_video` (`comment_id`, `video_id`) VALUES (65, 78);
INSERT INTO `comments_video` (`comment_id`, `video_id`) VALUES (90, 24);
INSERT INTO `comments_video` (`comment_id`, `video_id`) VALUES (63, 36);
INSERT INTO `comments_video` (`comment_id`, `video_id`) VALUES (51, 57);
INSERT INTO `comments_video` (`comment_id`, `video_id`) VALUES (88, 6);
INSERT INTO `comments_video` (`comment_id`, `video_id`) VALUES (23, 32);
INSERT INTO `comments_video` (`comment_id`, `video_id`) VALUES (75, 47);
INSERT INTO `comments_video` (`comment_id`, `video_id`) VALUES (60, 58);
INSERT INTO `comments_video` (`comment_id`, `video_id`) VALUES (67, 88);
INSERT INTO `comments_video` (`comment_id`, `video_id`) VALUES (72, 54);
INSERT INTO `comments_video` (`comment_id`, `video_id`) VALUES (13, 54);
INSERT INTO `comments_video` (`comment_id`, `video_id`) VALUES (20, 34);
INSERT INTO `comments_video` (`comment_id`, `video_id`) VALUES (16, 11);
INSERT INTO `comments_video` (`comment_id`, `video_id`) VALUES (72, 47);
INSERT INTO `comments_video` (`comment_id`, `video_id`) VALUES (21, 21);
INSERT INTO `comments_video` (`comment_id`, `video_id`) VALUES (48, 50);
INSERT INTO `comments_video` (`comment_id`, `video_id`) VALUES (15, 13);
INSERT INTO `comments_video` (`comment_id`, `video_id`) VALUES (60, 31);
INSERT INTO `comments_video` (`comment_id`, `video_id`) VALUES (29, 51);
INSERT INTO `comments_video` (`comment_id`, `video_id`) VALUES (58, 90);
INSERT INTO `comments_video` (`comment_id`, `video_id`) VALUES (65, 15);
INSERT INTO `comments_video` (`comment_id`, `video_id`) VALUES (13, 64);
INSERT INTO `comments_video` (`comment_id`, `video_id`) VALUES (98, 86);
INSERT INTO `comments_video` (`comment_id`, `video_id`) VALUES (16, 85);
INSERT INTO `comments_video` (`comment_id`, `video_id`) VALUES (45, 62);
INSERT INTO `comments_video` (`comment_id`, `video_id`) VALUES (95, 35);
INSERT INTO `comments_video` (`comment_id`, `video_id`) VALUES (77, 12);
INSERT INTO `comments_video` (`comment_id`, `video_id`) VALUES (99, 51);
INSERT INTO `comments_video` (`comment_id`, `video_id`) VALUES (63, 90);
INSERT INTO `comments_video` (`comment_id`, `video_id`) VALUES (68, 13);
INSERT INTO `comments_video` (`comment_id`, `video_id`) VALUES (66, 43);
INSERT INTO `comments_video` (`comment_id`, `video_id`) VALUES (13, 91);
INSERT INTO `comments_video` (`comment_id`, `video_id`) VALUES (7, 29);
INSERT INTO `comments_video` (`comment_id`, `video_id`) VALUES (50, 89);
INSERT INTO `comments_video` (`comment_id`, `video_id`) VALUES (50, 62);
INSERT INTO `comments_video` (`comment_id`, `video_id`) VALUES (74, 15);
INSERT INTO `comments_video` (`comment_id`, `video_id`) VALUES (69, 63);
INSERT INTO `comments_video` (`comment_id`, `video_id`) VALUES (57, 45);
INSERT INTO `comments_video` (`comment_id`, `video_id`) VALUES (69, 38);
INSERT INTO `comments_video` (`comment_id`, `video_id`) VALUES (30, 9);
INSERT INTO `comments_video` (`comment_id`, `video_id`) VALUES (99, 13);
INSERT INTO `comments_video` (`comment_id`, `video_id`) VALUES (52, 81);
INSERT INTO `comments_video` (`comment_id`, `video_id`) VALUES (31, 49);
INSERT INTO `comments_video` (`comment_id`, `video_id`) VALUES (64, 61);
INSERT INTO `comments_video` (`comment_id`, `video_id`) VALUES (75, 83);
INSERT INTO `comments_video` (`comment_id`, `video_id`) VALUES (1, 71);
INSERT INTO `comments_video` (`comment_id`, `video_id`) VALUES (8, 65);
INSERT INTO `comments_video` (`comment_id`, `video_id`) VALUES (66, 9);
INSERT INTO `comments_video` (`comment_id`, `video_id`) VALUES (21, 31);
INSERT INTO `comments_video` (`comment_id`, `video_id`) VALUES (89, 22);
INSERT INTO `comments_video` (`comment_id`, `video_id`) VALUES (50, 36);
INSERT INTO `comments_video` (`comment_id`, `video_id`) VALUES (40, 99);
INSERT INTO `comments_video` (`comment_id`, `video_id`) VALUES (92, 52);
INSERT INTO `comments_video` (`comment_id`, `video_id`) VALUES (39, 53);
INSERT INTO `comments_video` (`comment_id`, `video_id`) VALUES (34, 34);
INSERT INTO `comments_video` (`comment_id`, `video_id`) VALUES (86, 100);
INSERT INTO `comments_video` (`comment_id`, `video_id`) VALUES (65, 91);
INSERT INTO `comments_video` (`comment_id`, `video_id`) VALUES (17, 49);
INSERT INTO `comments_video` (`comment_id`, `video_id`) VALUES (62, 56);
INSERT INTO `comments_video` (`comment_id`, `video_id`) VALUES (41, 96);
INSERT INTO `comments_video` (`comment_id`, `video_id`) VALUES (95, 56);
INSERT INTO `comments_video` (`comment_id`, `video_id`) VALUES (40, 67);
INSERT INTO `comments_video` (`comment_id`, `video_id`) VALUES (13, 4);
INSERT INTO `comments_video` (`comment_id`, `video_id`) VALUES (67, 80);
INSERT INTO `comments_video` (`comment_id`, `video_id`) VALUES (62, 32);
INSERT INTO `comments_video` (`comment_id`, `video_id`) VALUES (46, 48);
INSERT INTO `comments_video` (`comment_id`, `video_id`) VALUES (79, 34);
INSERT INTO `comments_video` (`comment_id`, `video_id`) VALUES (41, 33);
INSERT INTO `comments_video` (`comment_id`, `video_id`) VALUES (43, 8);
INSERT INTO `comments_video` (`comment_id`, `video_id`) VALUES (69, 77);
INSERT INTO `comments_video` (`comment_id`, `video_id`) VALUES (58, 63);
INSERT INTO `comments_video` (`comment_id`, `video_id`) VALUES (83, 80);
INSERT INTO `comments_video` (`comment_id`, `video_id`) VALUES (63, 56);
INSERT INTO `comments_video` (`comment_id`, `video_id`) VALUES (10, 22);
INSERT INTO `comments_video` (`comment_id`, `video_id`) VALUES (68, 62);
INSERT INTO `comments_video` (`comment_id`, `video_id`) VALUES (25, 70);
INSERT INTO `comments_video` (`comment_id`, `video_id`) VALUES (3, 12);
INSERT INTO `comments_video` (`comment_id`, `video_id`) VALUES (47, 42);

-- Заполняем таблицу лайков к видео
INSERT INTO `likes_video` (`likes_id`, `video_id`) VALUES (36, 90);
INSERT INTO `likes_video` (`likes_id`, `video_id`) VALUES (52, 5);
INSERT INTO `likes_video` (`likes_id`, `video_id`) VALUES (5, 77);
INSERT INTO `likes_video` (`likes_id`, `video_id`) VALUES (45, 13);
INSERT INTO `likes_video` (`likes_id`, `video_id`) VALUES (75, 88);
INSERT INTO `likes_video` (`likes_id`, `video_id`) VALUES (11, 16);
INSERT INTO `likes_video` (`likes_id`, `video_id`) VALUES (67, 63);
INSERT INTO `likes_video` (`likes_id`, `video_id`) VALUES (79, 1);
INSERT INTO `likes_video` (`likes_id`, `video_id`) VALUES (62, 36);
INSERT INTO `likes_video` (`likes_id`, `video_id`) VALUES (49, 56);
INSERT INTO `likes_video` (`likes_id`, `video_id`) VALUES (11, 2);
INSERT INTO `likes_video` (`likes_id`, `video_id`) VALUES (31, 64);
INSERT INTO `likes_video` (`likes_id`, `video_id`) VALUES (95, 70);
INSERT INTO `likes_video` (`likes_id`, `video_id`) VALUES (76, 25);
INSERT INTO `likes_video` (`likes_id`, `video_id`) VALUES (48, 85);
INSERT INTO `likes_video` (`likes_id`, `video_id`) VALUES (100, 92);
INSERT INTO `likes_video` (`likes_id`, `video_id`) VALUES (52, 58);
INSERT INTO `likes_video` (`likes_id`, `video_id`) VALUES (24, 51);
INSERT INTO `likes_video` (`likes_id`, `video_id`) VALUES (47, 86);
INSERT INTO `likes_video` (`likes_id`, `video_id`) VALUES (3, 64);
INSERT INTO `likes_video` (`likes_id`, `video_id`) VALUES (47, 6);
INSERT INTO `likes_video` (`likes_id`, `video_id`) VALUES (84, 82);
INSERT INTO `likes_video` (`likes_id`, `video_id`) VALUES (75, 85);
INSERT INTO `likes_video` (`likes_id`, `video_id`) VALUES (17, 78);
INSERT INTO `likes_video` (`likes_id`, `video_id`) VALUES (99, 5);
INSERT INTO `likes_video` (`likes_id`, `video_id`) VALUES (21, 67);
INSERT INTO `likes_video` (`likes_id`, `video_id`) VALUES (29, 53);
INSERT INTO `likes_video` (`likes_id`, `video_id`) VALUES (100, 49);
INSERT INTO `likes_video` (`likes_id`, `video_id`) VALUES (86, 100);
INSERT INTO `likes_video` (`likes_id`, `video_id`) VALUES (20, 80);
INSERT INTO `likes_video` (`likes_id`, `video_id`) VALUES (13, 91);
INSERT INTO `likes_video` (`likes_id`, `video_id`) VALUES (9, 74);
INSERT INTO `likes_video` (`likes_id`, `video_id`) VALUES (76, 66);
INSERT INTO `likes_video` (`likes_id`, `video_id`) VALUES (35, 94);
INSERT INTO `likes_video` (`likes_id`, `video_id`) VALUES (54, 74);
INSERT INTO `likes_video` (`likes_id`, `video_id`) VALUES (72, 86);
INSERT INTO `likes_video` (`likes_id`, `video_id`) VALUES (72, 69);
INSERT INTO `likes_video` (`likes_id`, `video_id`) VALUES (67, 33);
INSERT INTO `likes_video` (`likes_id`, `video_id`) VALUES (22, 94);
INSERT INTO `likes_video` (`likes_id`, `video_id`) VALUES (49, 9);
INSERT INTO `likes_video` (`likes_id`, `video_id`) VALUES (100, 44);
INSERT INTO `likes_video` (`likes_id`, `video_id`) VALUES (12, 31);
INSERT INTO `likes_video` (`likes_id`, `video_id`) VALUES (81, 10);
INSERT INTO `likes_video` (`likes_id`, `video_id`) VALUES (37, 73);
INSERT INTO `likes_video` (`likes_id`, `video_id`) VALUES (38, 39);
INSERT INTO `likes_video` (`likes_id`, `video_id`) VALUES (90, 73);
INSERT INTO `likes_video` (`likes_id`, `video_id`) VALUES (41, 20);
INSERT INTO `likes_video` (`likes_id`, `video_id`) VALUES (58, 25);
INSERT INTO `likes_video` (`likes_id`, `video_id`) VALUES (24, 86);
INSERT INTO `likes_video` (`likes_id`, `video_id`) VALUES (99, 22);
INSERT INTO `likes_video` (`likes_id`, `video_id`) VALUES (89, 22);
INSERT INTO `likes_video` (`likes_id`, `video_id`) VALUES (27, 87);
INSERT INTO `likes_video` (`likes_id`, `video_id`) VALUES (31, 98);
INSERT INTO `likes_video` (`likes_id`, `video_id`) VALUES (84, 91);
INSERT INTO `likes_video` (`likes_id`, `video_id`) VALUES (33, 32);
INSERT INTO `likes_video` (`likes_id`, `video_id`) VALUES (100, 83);
INSERT INTO `likes_video` (`likes_id`, `video_id`) VALUES (58, 26);
INSERT INTO `likes_video` (`likes_id`, `video_id`) VALUES (60, 36);
INSERT INTO `likes_video` (`likes_id`, `video_id`) VALUES (22, 8);
INSERT INTO `likes_video` (`likes_id`, `video_id`) VALUES (48, 63);
INSERT INTO `likes_video` (`likes_id`, `video_id`) VALUES (79, 69);
INSERT INTO `likes_video` (`likes_id`, `video_id`) VALUES (50, 82);
INSERT INTO `likes_video` (`likes_id`, `video_id`) VALUES (97, 41);
INSERT INTO `likes_video` (`likes_id`, `video_id`) VALUES (71, 45);
INSERT INTO `likes_video` (`likes_id`, `video_id`) VALUES (37, 86);
INSERT INTO `likes_video` (`likes_id`, `video_id`) VALUES (5, 11);
INSERT INTO `likes_video` (`likes_id`, `video_id`) VALUES (49, 72);
INSERT INTO `likes_video` (`likes_id`, `video_id`) VALUES (50, 28);
INSERT INTO `likes_video` (`likes_id`, `video_id`) VALUES (20, 42);
INSERT INTO `likes_video` (`likes_id`, `video_id`) VALUES (29, 47);
INSERT INTO `likes_video` (`likes_id`, `video_id`) VALUES (24, 11);
INSERT INTO `likes_video` (`likes_id`, `video_id`) VALUES (72, 91);
INSERT INTO `likes_video` (`likes_id`, `video_id`) VALUES (49, 22);
INSERT INTO `likes_video` (`likes_id`, `video_id`) VALUES (8, 87);
INSERT INTO `likes_video` (`likes_id`, `video_id`) VALUES (89, 74);
INSERT INTO `likes_video` (`likes_id`, `video_id`) VALUES (35, 2);
INSERT INTO `likes_video` (`likes_id`, `video_id`) VALUES (90, 10);
INSERT INTO `likes_video` (`likes_id`, `video_id`) VALUES (95, 50);
INSERT INTO `likes_video` (`likes_id`, `video_id`) VALUES (15, 99);
INSERT INTO `likes_video` (`likes_id`, `video_id`) VALUES (43, 77);
INSERT INTO `likes_video` (`likes_id`, `video_id`) VALUES (91, 69);
INSERT INTO `likes_video` (`likes_id`, `video_id`) VALUES (35, 44);
INSERT INTO `likes_video` (`likes_id`, `video_id`) VALUES (20, 17);
INSERT INTO `likes_video` (`likes_id`, `video_id`) VALUES (91, 81);
INSERT INTO `likes_video` (`likes_id`, `video_id`) VALUES (73, 44);
INSERT INTO `likes_video` (`likes_id`, `video_id`) VALUES (41, 81);
INSERT INTO `likes_video` (`likes_id`, `video_id`) VALUES (71, 95);
INSERT INTO `likes_video` (`likes_id`, `video_id`) VALUES (28, 15);
INSERT INTO `likes_video` (`likes_id`, `video_id`) VALUES (5, 67);
INSERT INTO `likes_video` (`likes_id`, `video_id`) VALUES (59, 70);
INSERT INTO `likes_video` (`likes_id`, `video_id`) VALUES (37, 86);
INSERT INTO `likes_video` (`likes_id`, `video_id`) VALUES (82, 61);
INSERT INTO `likes_video` (`likes_id`, `video_id`) VALUES (9, 35);
INSERT INTO `likes_video` (`likes_id`, `video_id`) VALUES (21, 24);
INSERT INTO `likes_video` (`likes_id`, `video_id`) VALUES (46, 20);
INSERT INTO `likes_video` (`likes_id`, `video_id`) VALUES (34, 15);
INSERT INTO `likes_video` (`likes_id`, `video_id`) VALUES (60, 64);
INSERT INTO `likes_video` (`likes_id`, `video_id`) VALUES (69, 52);
INSERT INTO `likes_video` (`likes_id`, `video_id`) VALUES (79, 51);
INSERT INTO `likes_video` (`likes_id`, `video_id`) VALUES (39, 15);

-- Заполняем таблицу связи курса обучения к видео

INSERT INTO `course_video` (`course_id`, `video_id`) VALUES (15, 2);
INSERT INTO `course_video` (`course_id`, `video_id`) VALUES (9, 25);
INSERT INTO `course_video` (`course_id`, `video_id`) VALUES (8, 32);
INSERT INTO `course_video` (`course_id`, `video_id`) VALUES (14, 45);
INSERT INTO `course_video` (`course_id`, `video_id`) VALUES (20, 3);
INSERT INTO `course_video` (`course_id`, `video_id`) VALUES (15, 16);
INSERT INTO `course_video` (`course_id`, `video_id`) VALUES (4, 46);
INSERT INTO `course_video` (`course_id`, `video_id`) VALUES (13, 28);
INSERT INTO `course_video` (`course_id`, `video_id`) VALUES (14, 75);
INSERT INTO `course_video` (`course_id`, `video_id`) VALUES (3, 10);
INSERT INTO `course_video` (`course_id`, `video_id`) VALUES (6, 55);
INSERT INTO `course_video` (`course_id`, `video_id`) VALUES (4, 62);
INSERT INTO `course_video` (`course_id`, `video_id`) VALUES (7, 22);
INSERT INTO `course_video` (`course_id`, `video_id`) VALUES (19, 54);
INSERT INTO `course_video` (`course_id`, `video_id`) VALUES (20, 44);
INSERT INTO `course_video` (`course_id`, `video_id`) VALUES (10, 27);
INSERT INTO `course_video` (`course_id`, `video_id`) VALUES (11, 18);
INSERT INTO `course_video` (`course_id`, `video_id`) VALUES (11, 2);
INSERT INTO `course_video` (`course_id`, `video_id`) VALUES (6, 61);
INSERT INTO `course_video` (`course_id`, `video_id`) VALUES (9, 4);
INSERT INTO `course_video` (`course_id`, `video_id`) VALUES (10, 90);
INSERT INTO `course_video` (`course_id`, `video_id`) VALUES (4, 75);
INSERT INTO `course_video` (`course_id`, `video_id`) VALUES (6, 95);
INSERT INTO `course_video` (`course_id`, `video_id`) VALUES (4, 41);
INSERT INTO `course_video` (`course_id`, `video_id`) VALUES (6, 28);
INSERT INTO `course_video` (`course_id`, `video_id`) VALUES (5, 55);
INSERT INTO `course_video` (`course_id`, `video_id`) VALUES (8, 21);
INSERT INTO `course_video` (`course_id`, `video_id`) VALUES (6, 34);
INSERT INTO `course_video` (`course_id`, `video_id`) VALUES (19, 39);
INSERT INTO `course_video` (`course_id`, `video_id`) VALUES (7, 94);
INSERT INTO `course_video` (`course_id`, `video_id`) VALUES (14, 71);
INSERT INTO `course_video` (`course_id`, `video_id`) VALUES (12, 17);
INSERT INTO `course_video` (`course_id`, `video_id`) VALUES (9, 21);
INSERT INTO `course_video` (`course_id`, `video_id`) VALUES (13, 82);
INSERT INTO `course_video` (`course_id`, `video_id`) VALUES (12, 94);
INSERT INTO `course_video` (`course_id`, `video_id`) VALUES (20, 66);
INSERT INTO `course_video` (`course_id`, `video_id`) VALUES (3, 79);
INSERT INTO `course_video` (`course_id`, `video_id`) VALUES (1, 35);
INSERT INTO `course_video` (`course_id`, `video_id`) VALUES (4, 44);
INSERT INTO `course_video` (`course_id`, `video_id`) VALUES (9, 94);
INSERT INTO `course_video` (`course_id`, `video_id`) VALUES (9, 49);
INSERT INTO `course_video` (`course_id`, `video_id`) VALUES (7, 40);
INSERT INTO `course_video` (`course_id`, `video_id`) VALUES (2, 34);
INSERT INTO `course_video` (`course_id`, `video_id`) VALUES (8, 57);
INSERT INTO `course_video` (`course_id`, `video_id`) VALUES (12, 63);
INSERT INTO `course_video` (`course_id`, `video_id`) VALUES (19, 10);
INSERT INTO `course_video` (`course_id`, `video_id`) VALUES (13, 48);
INSERT INTO `course_video` (`course_id`, `video_id`) VALUES (1, 100);
INSERT INTO `course_video` (`course_id`, `video_id`) VALUES (12, 79);
INSERT INTO `course_video` (`course_id`, `video_id`) VALUES (7, 9);
INSERT INTO `course_video` (`course_id`, `video_id`) VALUES (6, 75);
INSERT INTO `course_video` (`course_id`, `video_id`) VALUES (14, 21);
INSERT INTO `course_video` (`course_id`, `video_id`) VALUES (12, 3);
INSERT INTO `course_video` (`course_id`, `video_id`) VALUES (20, 52);
INSERT INTO `course_video` (`course_id`, `video_id`) VALUES (8, 88);
INSERT INTO `course_video` (`course_id`, `video_id`) VALUES (2, 98);
INSERT INTO `course_video` (`course_id`, `video_id`) VALUES (18, 26);
INSERT INTO `course_video` (`course_id`, `video_id`) VALUES (9, 71);
INSERT INTO `course_video` (`course_id`, `video_id`) VALUES (2, 17);
INSERT INTO `course_video` (`course_id`, `video_id`) VALUES (9, 37);
INSERT INTO `course_video` (`course_id`, `video_id`) VALUES (8, 26);
INSERT INTO `course_video` (`course_id`, `video_id`) VALUES (9, 32);
INSERT INTO `course_video` (`course_id`, `video_id`) VALUES (15, 89);
INSERT INTO `course_video` (`course_id`, `video_id`) VALUES (19, 71);
INSERT INTO `course_video` (`course_id`, `video_id`) VALUES (1, 82);
INSERT INTO `course_video` (`course_id`, `video_id`) VALUES (16, 66);
INSERT INTO `course_video` (`course_id`, `video_id`) VALUES (12, 38);
INSERT INTO `course_video` (`course_id`, `video_id`) VALUES (20, 84);
INSERT INTO `course_video` (`course_id`, `video_id`) VALUES (4, 72);
INSERT INTO `course_video` (`course_id`, `video_id`) VALUES (2, 100);
INSERT INTO `course_video` (`course_id`, `video_id`) VALUES (8, 17);
INSERT INTO `course_video` (`course_id`, `video_id`) VALUES (5, 19);
INSERT INTO `course_video` (`course_id`, `video_id`) VALUES (5, 97);
INSERT INTO `course_video` (`course_id`, `video_id`) VALUES (20, 59);
INSERT INTO `course_video` (`course_id`, `video_id`) VALUES (18, 67);
INSERT INTO `course_video` (`course_id`, `video_id`) VALUES (10, 20);
INSERT INTO `course_video` (`course_id`, `video_id`) VALUES (16, 28);
INSERT INTO `course_video` (`course_id`, `video_id`) VALUES (1, 98);
INSERT INTO `course_video` (`course_id`, `video_id`) VALUES (14, 76);
INSERT INTO `course_video` (`course_id`, `video_id`) VALUES (7, 67);
INSERT INTO `course_video` (`course_id`, `video_id`) VALUES (8, 21);
INSERT INTO `course_video` (`course_id`, `video_id`) VALUES (7, 88);
INSERT INTO `course_video` (`course_id`, `video_id`) VALUES (14, 76);
INSERT INTO `course_video` (`course_id`, `video_id`) VALUES (15, 14);
INSERT INTO `course_video` (`course_id`, `video_id`) VALUES (11, 86);
INSERT INTO `course_video` (`course_id`, `video_id`) VALUES (16, 33);
INSERT INTO `course_video` (`course_id`, `video_id`) VALUES (17, 76);
INSERT INTO `course_video` (`course_id`, `video_id`) VALUES (19, 4);
INSERT INTO `course_video` (`course_id`, `video_id`) VALUES (14, 79);
INSERT INTO `course_video` (`course_id`, `video_id`) VALUES (19, 24);
INSERT INTO `course_video` (`course_id`, `video_id`) VALUES (19, 24);
INSERT INTO `course_video` (`course_id`, `video_id`) VALUES (3, 92);
INSERT INTO `course_video` (`course_id`, `video_id`) VALUES (17, 100);
INSERT INTO `course_video` (`course_id`, `video_id`) VALUES (13, 16);
INSERT INTO `course_video` (`course_id`, `video_id`) VALUES (20, 87);
INSERT INTO `course_video` (`course_id`, `video_id`) VALUES (1, 27);
INSERT INTO `course_video` (`course_id`, `video_id`) VALUES (4, 94);
INSERT INTO `course_video` (`course_id`, `video_id`) VALUES (12, 4);
INSERT INTO `course_video` (`course_id`, `video_id`) VALUES (5, 43);
INSERT INTO `course_video` (`course_id`, `video_id`) VALUES (8, 63);

-- Заполним таблицу связи курса обучения к пользователю
INSERT INTO `course_users` (`course_id`, `user_id`) VALUES (18, 31);
INSERT INTO `course_users` (`course_id`, `user_id`) VALUES (18, 42);
INSERT INTO `course_users` (`course_id`, `user_id`) VALUES (6, 29);
INSERT INTO `course_users` (`course_id`, `user_id`) VALUES (6, 18);
INSERT INTO `course_users` (`course_id`, `user_id`) VALUES (12, 61);
INSERT INTO `course_users` (`course_id`, `user_id`) VALUES (5, 63);
INSERT INTO `course_users` (`course_id`, `user_id`) VALUES (14, 62);
INSERT INTO `course_users` (`course_id`, `user_id`) VALUES (9, 13);
INSERT INTO `course_users` (`course_id`, `user_id`) VALUES (6, 19);
INSERT INTO `course_users` (`course_id`, `user_id`) VALUES (6, 19);
INSERT INTO `course_users` (`course_id`, `user_id`) VALUES (5, 7);
INSERT INTO `course_users` (`course_id`, `user_id`) VALUES (2, 35);
INSERT INTO `course_users` (`course_id`, `user_id`) VALUES (4, 69);
INSERT INTO `course_users` (`course_id`, `user_id`) VALUES (13, 83);
INSERT INTO `course_users` (`course_id`, `user_id`) VALUES (13, 31);
INSERT INTO `course_users` (`course_id`, `user_id`) VALUES (4, 63);
INSERT INTO `course_users` (`course_id`, `user_id`) VALUES (16, 86);
INSERT INTO `course_users` (`course_id`, `user_id`) VALUES (15, 32);
INSERT INTO `course_users` (`course_id`, `user_id`) VALUES (6, 98);
INSERT INTO `course_users` (`course_id`, `user_id`) VALUES (15, 33);
INSERT INTO `course_users` (`course_id`, `user_id`) VALUES (12, 79);
INSERT INTO `course_users` (`course_id`, `user_id`) VALUES (19, 40);
INSERT INTO `course_users` (`course_id`, `user_id`) VALUES (1, 96);
INSERT INTO `course_users` (`course_id`, `user_id`) VALUES (3, 76);
INSERT INTO `course_users` (`course_id`, `user_id`) VALUES (14, 100);
INSERT INTO `course_users` (`course_id`, `user_id`) VALUES (2, 40);
INSERT INTO `course_users` (`course_id`, `user_id`) VALUES (10, 48);
INSERT INTO `course_users` (`course_id`, `user_id`) VALUES (16, 73);
INSERT INTO `course_users` (`course_id`, `user_id`) VALUES (7, 87);
INSERT INTO `course_users` (`course_id`, `user_id`) VALUES (18, 81);
INSERT INTO `course_users` (`course_id`, `user_id`) VALUES (17, 5);
INSERT INTO `course_users` (`course_id`, `user_id`) VALUES (13, 49);
INSERT INTO `course_users` (`course_id`, `user_id`) VALUES (15, 12);
INSERT INTO `course_users` (`course_id`, `user_id`) VALUES (8, 8);
INSERT INTO `course_users` (`course_id`, `user_id`) VALUES (20, 9);
INSERT INTO `course_users` (`course_id`, `user_id`) VALUES (18, 27);
INSERT INTO `course_users` (`course_id`, `user_id`) VALUES (4, 5);
INSERT INTO `course_users` (`course_id`, `user_id`) VALUES (3, 3);
INSERT INTO `course_users` (`course_id`, `user_id`) VALUES (6, 41);
INSERT INTO `course_users` (`course_id`, `user_id`) VALUES (15, 3);
INSERT INTO `course_users` (`course_id`, `user_id`) VALUES (3, 16);
INSERT INTO `course_users` (`course_id`, `user_id`) VALUES (6, 81);
INSERT INTO `course_users` (`course_id`, `user_id`) VALUES (18, 3);
INSERT INTO `course_users` (`course_id`, `user_id`) VALUES (8, 32);
INSERT INTO `course_users` (`course_id`, `user_id`) VALUES (19, 56);
INSERT INTO `course_users` (`course_id`, `user_id`) VALUES (3, 95);
INSERT INTO `course_users` (`course_id`, `user_id`) VALUES (8, 80);
INSERT INTO `course_users` (`course_id`, `user_id`) VALUES (11, 66);
INSERT INTO `course_users` (`course_id`, `user_id`) VALUES (11, 57);
INSERT INTO `course_users` (`course_id`, `user_id`) VALUES (18, 89);
INSERT INTO `course_users` (`course_id`, `user_id`) VALUES (20, 28);
INSERT INTO `course_users` (`course_id`, `user_id`) VALUES (9, 10);
INSERT INTO `course_users` (`course_id`, `user_id`) VALUES (8, 84);
INSERT INTO `course_users` (`course_id`, `user_id`) VALUES (4, 4);
INSERT INTO `course_users` (`course_id`, `user_id`) VALUES (1, 76);
INSERT INTO `course_users` (`course_id`, `user_id`) VALUES (1, 53);
INSERT INTO `course_users` (`course_id`, `user_id`) VALUES (15, 42);
INSERT INTO `course_users` (`course_id`, `user_id`) VALUES (16, 100);
INSERT INTO `course_users` (`course_id`, `user_id`) VALUES (16, 7);
INSERT INTO `course_users` (`course_id`, `user_id`) VALUES (14, 98);
INSERT INTO `course_users` (`course_id`, `user_id`) VALUES (3, 64);
INSERT INTO `course_users` (`course_id`, `user_id`) VALUES (2, 77);
INSERT INTO `course_users` (`course_id`, `user_id`) VALUES (9, 22);
INSERT INTO `course_users` (`course_id`, `user_id`) VALUES (7, 13);
INSERT INTO `course_users` (`course_id`, `user_id`) VALUES (9, 31);
INSERT INTO `course_users` (`course_id`, `user_id`) VALUES (9, 43);
INSERT INTO `course_users` (`course_id`, `user_id`) VALUES (4, 97);
INSERT INTO `course_users` (`course_id`, `user_id`) VALUES (8, 3);
INSERT INTO `course_users` (`course_id`, `user_id`) VALUES (4, 88);
INSERT INTO `course_users` (`course_id`, `user_id`) VALUES (2, 53);
INSERT INTO `course_users` (`course_id`, `user_id`) VALUES (11, 50);
INSERT INTO `course_users` (`course_id`, `user_id`) VALUES (18, 79);
INSERT INTO `course_users` (`course_id`, `user_id`) VALUES (3, 59);
INSERT INTO `course_users` (`course_id`, `user_id`) VALUES (14, 3);
INSERT INTO `course_users` (`course_id`, `user_id`) VALUES (7, 41);
INSERT INTO `course_users` (`course_id`, `user_id`) VALUES (5, 100);
INSERT INTO `course_users` (`course_id`, `user_id`) VALUES (19, 94);
INSERT INTO `course_users` (`course_id`, `user_id`) VALUES (12, 58);
INSERT INTO `course_users` (`course_id`, `user_id`) VALUES (18, 25);
INSERT INTO `course_users` (`course_id`, `user_id`) VALUES (9, 29);
INSERT INTO `course_users` (`course_id`, `user_id`) VALUES (16, 27);
INSERT INTO `course_users` (`course_id`, `user_id`) VALUES (2, 45);
INSERT INTO `course_users` (`course_id`, `user_id`) VALUES (2, 35);
INSERT INTO `course_users` (`course_id`, `user_id`) VALUES (19, 55);
INSERT INTO `course_users` (`course_id`, `user_id`) VALUES (15, 17);
INSERT INTO `course_users` (`course_id`, `user_id`) VALUES (16, 94);
INSERT INTO `course_users` (`course_id`, `user_id`) VALUES (5, 51);
INSERT INTO `course_users` (`course_id`, `user_id`) VALUES (7, 58);
INSERT INTO `course_users` (`course_id`, `user_id`) VALUES (16, 88);
INSERT INTO `course_users` (`course_id`, `user_id`) VALUES (4, 24);
INSERT INTO `course_users` (`course_id`, `user_id`) VALUES (18, 22);
INSERT INTO `course_users` (`course_id`, `user_id`) VALUES (8, 92);
INSERT INTO `course_users` (`course_id`, `user_id`) VALUES (19, 48);
INSERT INTO `course_users` (`course_id`, `user_id`) VALUES (17, 67);
INSERT INTO `course_users` (`course_id`, `user_id`) VALUES (16, 93);
INSERT INTO `course_users` (`course_id`, `user_id`) VALUES (19, 4);
INSERT INTO `course_users` (`course_id`, `user_id`) VALUES (9, 28);
INSERT INTO `course_users` (`course_id`, `user_id`) VALUES (20, 89);
INSERT INTO `course_users` (`course_id`, `user_id`) VALUES (14, 40);
INSERT INTO `course_users` (`course_id`, `user_id`) VALUES (20, 32);
